,time,state,action,reward,rep
0,0,0.8,0.0,0.0,0
1,1,0.7999864336571798,0.017294704914093018,11.826849455716768,0
2,2,0.7989823129700997,0.01729443669319153,11.81179032761958,0
3,3,0.7972291812581456,0.017276018857955933,11.785677530292624,0
4,4,0.7949071161952179,0.017244189977645874,11.75116484315181,0
5,5,0.7921501976888412,0.017204314470291138,11.710209820629705,0
6,6,0.7890550351152372,0.01715710759162903,11.664254450812269,0
7,7,0.7856907217981624,0.017103105783462524,11.614329769137811,0
8,8,0.782106922061691,0.01704356074333191,11.561168223492045,0
9,9,0.7783397506525627,0.016980350017547607,11.505292759612962,0
10,10,0.7744146967338954,0.016914188861846924,11.44707856238996,0
11,11,0.7703500435129966,0.016846418380737305,11.386786468887577,0
12,12,0.7661585264008577,0.01677793264389038,11.324598569573961,0
13,13,0.7618471614806197,0.01670747995376587,11.260632622671634,0
14,14,0.7574198999687054,0.016635417938232422,11.194944320148256,0
15,15,0.7528780836780482,0.01656174659729004,11.127553789197824,0
16,16,0.7482210132782007,0.01648646593093872,11.058450539863623,0
17,17,0.7434464112932053,0.01640966534614563,10.987599515936623,0
18,18,0.7385505281380459,0.016331255435943604,10.914945367711255,0
19,19,0.7335283968617232,0.01625123620033264,10.840413590922521,0
20,20,0.7283738531883982,0.01616951823234558,10.76391261550252,0
21,21,0.7230797304140839,0.016086190938949585,10.685334046821765,0
22,22,0.7176375388937977,0.016000986099243164,10.604553222414532,0
23,23,0.712037596710181,0.015913814306259155,10.521425807590123,0
24,24,0.7062690178187726,0.01582467555999756,10.435788511681611,0
25,25,0.70031942553962,0.015733391046524048,10.34745747262906,0
26,26,0.6941764828344202,0.015641748905181885,10.256229753464483,0
27,27,0.6878251986513327,0.015548855066299438,10.161889429107,0
28,28,0.6812459382094826,0.015451669692993164,10.06417237621231,0
29,29,0.6744196156844794,0.015353143215179443,9.962762803115398,0
30,30,0.667322886738643,0.015251576900482178,9.857327532074825,0
31,31,0.6599290872346039,0.015146702527999878,9.747469283239058,0
32,32,0.6522075448471465,0.015038162469863892,9.632731548008561,0
33,33,0.644122340966715,0.014925062656402588,9.5125844879367,0
34,34,0.6356320475786871,0.01480722427368164,9.38640847094349,0
35,35,0.6266884322950437,0.01468437910079956,9.25348269341766,0
36,36,0.6172353592226701,0.014556705951690674,9.112963328823144,0
37,37,0.6072038018832706,0.014421164989471436,8.963845378354343,0
38,38,0.5965131437692266,0.014278650283813477,8.804910653700265,0
39,39,0.5850668329491667,0.01412898302078247,8.634712664029678,0
40,40,0.5727455645571962,0.013969391584396362,8.451489552513978,0
41,41,0.559403930373494,0.013799518346786499,8.253063772134544,0
42,42,0.5448615774221636,0.013617843389511108,8.03674522743734,0
43,43,0.5288925371918912,0.013422578573226929,7.799162272146099,0
44,44,0.5112105063878164,0.01321139931678772,7.536043602649371,0
45,45,0.49144893272247014,0.012981444597244263,7.241919544864608,0
46,46,0.4691337252116996,0.012728869915008545,6.909717179025407,0
47,47,0.4436481093266985,0.012449383735656738,6.53022780254391,0
48,48,0.41416676899203364,0.0121174156665802,6.091327378214701,0
49,49,0.3796611405602543,0.011750668287277222,5.577410425531042,0
50,50,0.338858209112636,0.011319726705551147,4.969675869634029,0
51,51,0.29049065870066193,0.010821372270584106,4.2491461578040886,0
52,52,0.2342824462364706,0.010219573974609375,3.412040953800965,0
53,53,0.17463668524884846,0.009577274322509766,2.5237775355076284,0
54,54,0.12807923401409138,0.008943736553192139,1.8317511446794494,0
55,55,0.11161064790636366,0.008491873741149902,1.589240981183955,0
56,56,0.10890636644675078,0.008343547582626343,1.5501600208749982,0
57,57,0.10823320442938977,0.00831940770149231,1.5403039894259236,0
58,58,0.10782868141804236,0.008313417434692383,1.5342960469237106,0
59,59,0.10746225949563765,0.00830984115600586,1.5288354808745053,0
60,60,0.10710427644070108,0.008306533098220825,1.5234988156283085,0
61,61,0.10675098834885716,0.008303314447402954,1.5182316807588268,0
62,62,0.10640186269380314,0.008300095796585083,1.5130269824411975,0
63,63,0.10605676940134046,0.008296966552734375,1.507881875492763,0
64,64,0.10571560827731447,0.008293837308883667,1.5027957510708794,0
65,65,0.1053783024936496,0.008290797472000122,1.4977665626847423,0
66,66,0.105044763239304,0.008287757635116577,1.4927938722383935,0
67,67,0.10471491168197383,0.008284717798233032,1.4878764972472773,0
68,68,0.10438867887572112,0.00828176736831665,1.4830125094526507,0
69,69,0.10406598448731313,0.008278816938400269,1.4782015979256948,0
70,70,0.10374676289745255,0.00827595591545105,1.4734418843072772,0
71,71,0.10343093319230307,0.008273005485534668,1.4687339430292001,0
72,72,0.10311844460261321,0.008270233869552612,1.464074330343672,0
73,73,0.10280921637950025,0.008267372846603394,1.4594645172264693,0
74,74,0.10250319475775321,0.008264601230621338,1.4549019090600857,0
75,75,0.10220031800809976,0.008261919021606445,1.4503855799054328,0
76,76,0.10190051801798944,0.00825914740562439,1.4459162962135976,0
77,77,0.10160374466369493,0.008256465196609497,1.441491517989329,0
78,78,0.10130993804584609,0.008253782987594604,1.4371112408117452,0
79,79,0.10101904624644653,0.008251190185546875,1.4327737918412298,0
80,80,0.10073101290210845,0.008248597383499146,1.4284792196966354,0
81,81,0.10044578635499218,0.008246004581451416,1.4242267495103678,0
82,82,0.10016331644986709,0.008243411779403687,1.4200156289539707,0
83,83,0.09988355575985358,0.00824090838432312,1.4158442525545727,0
84,84,0.09960645367198084,0.00823831558227539,1.4117136492569595,0
85,85,0.09933196558747237,0.008235722780227661,1.4076222560098097,0
86,86,0.09906004685499736,0.008233219385147095,1.4035685089734897,0
87,87,0.09879065250763647,0.008230715990066528,1.3995526277138817,0
88,88,0.09852373975057516,0.008228212594985962,1.395573970308767,0
89,89,0.09825926687778297,0.008225709199905396,1.3916319111676914,0
90,90,0.09799719235497689,0.008223295211791992,1.3877249332067338,0
91,91,0.09773747797206783,0.008220791816711426,1.3838542514139027,0
92,92,0.09748008298538502,0.008218377828598022,1.3800174664947953,0
93,93,0.09722496877615044,0.008216053247451782,1.3762139991677391,0
94,94,0.09697210185752797,0.008213639259338379,1.372445135269535,0
95,95,0.09672144233526653,0.008211314678192139,1.3687084882470772,0
96,96,0.09647295704563252,0.008208990097045898,1.3650044547140296,0
97,97,0.09622661170898766,0.008206665515899658,1.3613325204758178,0
98,98,0.09598236960139772,0.008204430341720581,1.3576912406037602,0
99,99,0.09574020090439284,0.008202195167541504,1.3540810618904782,0
100,0,0.8,0.0,0.0,1
101,1,0.7999864336571798,0.017294704914093018,11.826849455716768,1
102,2,0.7989823129700997,0.01729443669319153,11.81179032761958,1
103,3,0.7972291812581456,0.017276018857955933,11.785677530292624,1
104,4,0.7949071161952179,0.017244189977645874,11.75116484315181,1
105,5,0.7921501976888412,0.017204314470291138,11.710209820629705,1
106,6,0.7890550351152372,0.01715710759162903,11.664254450812269,1
107,7,0.7856907217981624,0.017103105783462524,11.614329769137811,1
108,8,0.782106922061691,0.01704356074333191,11.561168223492045,1
109,9,0.7783397506525627,0.016980350017547607,11.505292759612962,1
110,10,0.7744146967338954,0.016914188861846924,11.44707856238996,1
111,11,0.7703500435129966,0.016846418380737305,11.386786468887577,1
112,12,0.7661585264008577,0.01677793264389038,11.324598569573961,1
113,13,0.7618471614806197,0.01670747995376587,11.260632622671634,1
114,14,0.7574198999687054,0.016635417938232422,11.194944320148256,1
115,15,0.7528780836780482,0.01656174659729004,11.127553789197824,1
116,16,0.7482210132782007,0.01648646593093872,11.058450539863623,1
117,17,0.7434464112932053,0.01640966534614563,10.987599515936623,1
118,18,0.7385505281380459,0.016331255435943604,10.914945367711255,1
119,19,0.7335283968617232,0.01625123620033264,10.840413590922521,1
120,20,0.7283738531883982,0.01616951823234558,10.76391261550252,1
121,21,0.7230797304140839,0.016086190938949585,10.685334046821765,1
122,22,0.7176375388937977,0.016000986099243164,10.604553222414532,1
123,23,0.712037596710181,0.015913814306259155,10.521425807590123,1
124,24,0.7062690178187726,0.01582467555999756,10.435788511681611,1
125,25,0.70031942553962,0.015733391046524048,10.34745747262906,1
126,26,0.6941764828344202,0.015641748905181885,10.256229753464483,1
127,27,0.6878251986513327,0.015548855066299438,10.161889429107,1
128,28,0.6812459382094826,0.015451669692993164,10.06417237621231,1
129,29,0.6744196156844794,0.015353143215179443,9.962762803115398,1
130,30,0.667322886738643,0.015251576900482178,9.857327532074825,1
131,31,0.6599290872346039,0.015146702527999878,9.747469283239058,1
132,32,0.6522075448471465,0.015038162469863892,9.632731548008561,1
133,33,0.644122340966715,0.014925062656402588,9.5125844879367,1
134,34,0.6356320475786871,0.01480722427368164,9.38640847094349,1
135,35,0.6266884322950437,0.01468437910079956,9.25348269341766,1
136,36,0.6172353592226701,0.014556705951690674,9.112963328823144,1
137,37,0.6072038018832706,0.014421164989471436,8.963845378354343,1
138,38,0.5965131437692266,0.014278650283813477,8.804910653700265,1
139,39,0.5850668329491667,0.01412898302078247,8.634712664029678,1
140,40,0.5727455645571962,0.013969391584396362,8.451489552513978,1
141,41,0.559403930373494,0.013799518346786499,8.253063772134544,1
142,42,0.5448615774221636,0.013617843389511108,8.03674522743734,1
143,43,0.5288925371918912,0.013422578573226929,7.799162272146099,1
144,44,0.5112105063878164,0.01321139931678772,7.536043602649371,1
145,45,0.49144893272247014,0.012981444597244263,7.241919544864608,1
146,46,0.4691337252116996,0.012728869915008545,6.909717179025407,1
147,47,0.4436481093266985,0.012449383735656738,6.53022780254391,1
148,48,0.41416676899203364,0.0121174156665802,6.091327378214701,1
149,49,0.3796611405602543,0.011750668287277222,5.577410425531042,1
150,50,0.338858209112636,0.011319726705551147,4.969675869634029,1
151,51,0.29049065870066193,0.010821372270584106,4.2491461578040886,1
152,52,0.2342824462364706,0.010219573974609375,3.412040953800965,1
153,53,0.17463668524884846,0.009577274322509766,2.5237775355076284,1
154,54,0.12807923401409138,0.008943736553192139,1.8317511446794494,1
155,55,0.11161064790636366,0.008491873741149902,1.589240981183955,1
156,56,0.10890636644675078,0.008343547582626343,1.5501600208749982,1
157,57,0.10823320442938977,0.00831940770149231,1.5403039894259236,1
158,58,0.10782868141804236,0.008313417434692383,1.5342960469237106,1
159,59,0.10746225949563765,0.00830984115600586,1.5288354808745053,1
160,60,0.10710427644070108,0.008306533098220825,1.5234988156283085,1
161,61,0.10675098834885716,0.008303314447402954,1.5182316807588268,1
162,62,0.10640186269380314,0.008300095796585083,1.5130269824411975,1
163,63,0.10605676940134046,0.008296966552734375,1.507881875492763,1
164,64,0.10571560827731447,0.008293837308883667,1.5027957510708794,1
165,65,0.1053783024936496,0.008290797472000122,1.4977665626847423,1
166,66,0.105044763239304,0.008287757635116577,1.4927938722383935,1
167,67,0.10471491168197383,0.008284717798233032,1.4878764972472773,1
168,68,0.10438867887572112,0.00828176736831665,1.4830125094526507,1
169,69,0.10406598448731313,0.008278816938400269,1.4782015979256948,1
170,70,0.10374676289745255,0.00827595591545105,1.4734418843072772,1
171,71,0.10343093319230307,0.008273005485534668,1.4687339430292001,1
172,72,0.10311844460261321,0.008270233869552612,1.464074330343672,1
173,73,0.10280921637950025,0.008267372846603394,1.4594645172264693,1
174,74,0.10250319475775321,0.008264601230621338,1.4549019090600857,1
175,75,0.10220031800809976,0.008261919021606445,1.4503855799054328,1
176,76,0.10190051801798944,0.00825914740562439,1.4459162962135976,1
177,77,0.10160374466369493,0.008256465196609497,1.441491517989329,1
178,78,0.10130993804584609,0.008253782987594604,1.4371112408117452,1
179,79,0.10101904624644653,0.008251190185546875,1.4327737918412298,1
180,80,0.10073101290210845,0.008248597383499146,1.4284792196966354,1
181,81,0.10044578635499218,0.008246004581451416,1.4242267495103678,1
182,82,0.10016331644986709,0.008243411779403687,1.4200156289539707,1
183,83,0.09988355575985358,0.00824090838432312,1.4158442525545727,1
184,84,0.09960645367198084,0.00823831558227539,1.4117136492569595,1
185,85,0.09933196558747237,0.008235722780227661,1.4076222560098097,1
186,86,0.09906004685499736,0.008233219385147095,1.4035685089734897,1
187,87,0.09879065250763647,0.008230715990066528,1.3995526277138817,1
188,88,0.09852373975057516,0.008228212594985962,1.395573970308767,1
189,89,0.09825926687778297,0.008225709199905396,1.3916319111676914,1
190,90,0.09799719235497689,0.008223295211791992,1.3877249332067338,1
191,91,0.09773747797206783,0.008220791816711426,1.3838542514139027,1
192,92,0.09748008298538502,0.008218377828598022,1.3800174664947953,1
193,93,0.09722496877615044,0.008216053247451782,1.3762139991677391,1
194,94,0.09697210185752797,0.008213639259338379,1.372445135269535,1
195,95,0.09672144233526653,0.008211314678192139,1.3687084882470772,1
196,96,0.09647295704563252,0.008208990097045898,1.3650044547140296,1
197,97,0.09622661170898766,0.008206665515899658,1.3613325204758178,1
198,98,0.09598236960139772,0.008204430341720581,1.3576912406037602,1
199,99,0.09574020090439284,0.008202195167541504,1.3540810618904782,1
200,0,0.8,0.0,0.0,2
201,1,0.7999864336571798,0.017294704914093018,11.826849455716768,2
202,2,0.7989823129700997,0.01729443669319153,11.81179032761958,2
203,3,0.7972291812581456,0.017276018857955933,11.785677530292624,2
204,4,0.7949071161952179,0.017244189977645874,11.75116484315181,2
205,5,0.7921501976888412,0.017204314470291138,11.710209820629705,2
206,6,0.7890550351152372,0.01715710759162903,11.664254450812269,2
207,7,0.7856907217981624,0.017103105783462524,11.614329769137811,2
208,8,0.782106922061691,0.01704356074333191,11.561168223492045,2
209,9,0.7783397506525627,0.016980350017547607,11.505292759612962,2
210,10,0.7744146967338954,0.016914188861846924,11.44707856238996,2
211,11,0.7703500435129966,0.016846418380737305,11.386786468887577,2
212,12,0.7661585264008577,0.01677793264389038,11.324598569573961,2
213,13,0.7618471614806197,0.01670747995376587,11.260632622671634,2
214,14,0.7574198999687054,0.016635417938232422,11.194944320148256,2
215,15,0.7528780836780482,0.01656174659729004,11.127553789197824,2
216,16,0.7482210132782007,0.01648646593093872,11.058450539863623,2
217,17,0.7434464112932053,0.01640966534614563,10.987599515936623,2
218,18,0.7385505281380459,0.016331255435943604,10.914945367711255,2
219,19,0.7335283968617232,0.01625123620033264,10.840413590922521,2
220,20,0.7283738531883982,0.01616951823234558,10.76391261550252,2
221,21,0.7230797304140839,0.016086190938949585,10.685334046821765,2
222,22,0.7176375388937977,0.016000986099243164,10.604553222414532,2
223,23,0.712037596710181,0.015913814306259155,10.521425807590123,2
224,24,0.7062690178187726,0.01582467555999756,10.435788511681611,2
225,25,0.70031942553962,0.015733391046524048,10.34745747262906,2
226,26,0.6941764828344202,0.015641748905181885,10.256229753464483,2
227,27,0.6878251986513327,0.015548855066299438,10.161889429107,2
228,28,0.6812459382094826,0.015451669692993164,10.06417237621231,2
229,29,0.6744196156844794,0.015353143215179443,9.962762803115398,2
230,30,0.667322886738643,0.015251576900482178,9.857327532074825,2
231,31,0.6599290872346039,0.015146702527999878,9.747469283239058,2
232,32,0.6522075448471465,0.015038162469863892,9.632731548008561,2
233,33,0.644122340966715,0.014925062656402588,9.5125844879367,2
234,34,0.6356320475786871,0.01480722427368164,9.38640847094349,2
235,35,0.6266884322950437,0.01468437910079956,9.25348269341766,2
236,36,0.6172353592226701,0.014556705951690674,9.112963328823144,2
237,37,0.6072038018832706,0.014421164989471436,8.963845378354343,2
238,38,0.5965131437692266,0.014278650283813477,8.804910653700265,2
239,39,0.5850668329491667,0.01412898302078247,8.634712664029678,2
240,40,0.5727455645571962,0.013969391584396362,8.451489552513978,2
241,41,0.559403930373494,0.013799518346786499,8.253063772134544,2
242,42,0.5448615774221636,0.013617843389511108,8.03674522743734,2
243,43,0.5288925371918912,0.013422578573226929,7.799162272146099,2
244,44,0.5112105063878164,0.01321139931678772,7.536043602649371,2
245,45,0.49144893272247014,0.012981444597244263,7.241919544864608,2
246,46,0.4691337252116996,0.012728869915008545,6.909717179025407,2
247,47,0.4436481093266985,0.012449383735656738,6.53022780254391,2
248,48,0.41416676899203364,0.0121174156665802,6.091327378214701,2
249,49,0.3796611405602543,0.011750668287277222,5.577410425531042,2
250,50,0.338858209112636,0.011319726705551147,4.969675869634029,2
251,51,0.29049065870066193,0.010821372270584106,4.2491461578040886,2
252,52,0.2342824462364706,0.010219573974609375,3.412040953800965,2
253,53,0.17463668524884846,0.009577274322509766,2.5237775355076284,2
254,54,0.12807923401409138,0.008943736553192139,1.8317511446794494,2
255,55,0.11161064790636366,0.008491873741149902,1.589240981183955,2
256,56,0.10890636644675078,0.008343547582626343,1.5501600208749982,2
257,57,0.10823320442938977,0.00831940770149231,1.5403039894259236,2
258,58,0.10782868141804236,0.008313417434692383,1.5342960469237106,2
259,59,0.10746225949563765,0.00830984115600586,1.5288354808745053,2
260,60,0.10710427644070108,0.008306533098220825,1.5234988156283085,2
261,61,0.10675098834885716,0.008303314447402954,1.5182316807588268,2
262,62,0.10640186269380314,0.008300095796585083,1.5130269824411975,2
263,63,0.10605676940134046,0.008296966552734375,1.507881875492763,2
264,64,0.10571560827731447,0.008293837308883667,1.5027957510708794,2
265,65,0.1053783024936496,0.008290797472000122,1.4977665626847423,2
266,66,0.105044763239304,0.008287757635116577,1.4927938722383935,2
267,67,0.10471491168197383,0.008284717798233032,1.4878764972472773,2
268,68,0.10438867887572112,0.00828176736831665,1.4830125094526507,2
269,69,0.10406598448731313,0.008278816938400269,1.4782015979256948,2
270,70,0.10374676289745255,0.00827595591545105,1.4734418843072772,2
271,71,0.10343093319230307,0.008273005485534668,1.4687339430292001,2
272,72,0.10311844460261321,0.008270233869552612,1.464074330343672,2
273,73,0.10280921637950025,0.008267372846603394,1.4594645172264693,2
274,74,0.10250319475775321,0.008264601230621338,1.4549019090600857,2
275,75,0.10220031800809976,0.008261919021606445,1.4503855799054328,2
276,76,0.10190051801798944,0.00825914740562439,1.4459162962135976,2
277,77,0.10160374466369493,0.008256465196609497,1.441491517989329,2
278,78,0.10130993804584609,0.008253782987594604,1.4371112408117452,2
279,79,0.10101904624644653,0.008251190185546875,1.4327737918412298,2
280,80,0.10073101290210845,0.008248597383499146,1.4284792196966354,2
281,81,0.10044578635499218,0.008246004581451416,1.4242267495103678,2
282,82,0.10016331644986709,0.008243411779403687,1.4200156289539707,2
283,83,0.09988355575985358,0.00824090838432312,1.4158442525545727,2
284,84,0.09960645367198084,0.00823831558227539,1.4117136492569595,2
285,85,0.09933196558747237,0.008235722780227661,1.4076222560098097,2
286,86,0.09906004685499736,0.008233219385147095,1.4035685089734897,2
287,87,0.09879065250763647,0.008230715990066528,1.3995526277138817,2
288,88,0.09852373975057516,0.008228212594985962,1.395573970308767,2
289,89,0.09825926687778297,0.008225709199905396,1.3916319111676914,2
290,90,0.09799719235497689,0.008223295211791992,1.3877249332067338,2
291,91,0.09773747797206783,0.008220791816711426,1.3838542514139027,2
292,92,0.09748008298538502,0.008218377828598022,1.3800174664947953,2
293,93,0.09722496877615044,0.008216053247451782,1.3762139991677391,2
294,94,0.09697210185752797,0.008213639259338379,1.372445135269535,2
295,95,0.09672144233526653,0.008211314678192139,1.3687084882470772,2
296,96,0.09647295704563252,0.008208990097045898,1.3650044547140296,2
297,97,0.09622661170898766,0.008206665515899658,1.3613325204758178,2
298,98,0.09598236960139772,0.008204430341720581,1.3576912406037602,2
299,99,0.09574020090439284,0.008202195167541504,1.3540810618904782,2
300,0,0.8,0.0,0.0,3
301,1,0.7999864336571798,0.017294704914093018,11.826849455716768,3
302,2,0.7989823129700997,0.01729443669319153,11.81179032761958,3
303,3,0.7972291812581456,0.017276018857955933,11.785677530292624,3
304,4,0.7949071161952179,0.017244189977645874,11.75116484315181,3
305,5,0.7921501976888412,0.017204314470291138,11.710209820629705,3
306,6,0.7890550351152372,0.01715710759162903,11.664254450812269,3
307,7,0.7856907217981624,0.017103105783462524,11.614329769137811,3
308,8,0.782106922061691,0.01704356074333191,11.561168223492045,3
309,9,0.7783397506525627,0.016980350017547607,11.505292759612962,3
310,10,0.7744146967338954,0.016914188861846924,11.44707856238996,3
311,11,0.7703500435129966,0.016846418380737305,11.386786468887577,3
312,12,0.7661585264008577,0.01677793264389038,11.324598569573961,3
313,13,0.7618471614806197,0.01670747995376587,11.260632622671634,3
314,14,0.7574198999687054,0.016635417938232422,11.194944320148256,3
315,15,0.7528780836780482,0.01656174659729004,11.127553789197824,3
316,16,0.7482210132782007,0.01648646593093872,11.058450539863623,3
317,17,0.7434464112932053,0.01640966534614563,10.987599515936623,3
318,18,0.7385505281380459,0.016331255435943604,10.914945367711255,3
319,19,0.7335283968617232,0.01625123620033264,10.840413590922521,3
320,20,0.7283738531883982,0.01616951823234558,10.76391261550252,3
321,21,0.7230797304140839,0.016086190938949585,10.685334046821765,3
322,22,0.7176375388937977,0.016000986099243164,10.604553222414532,3
323,23,0.712037596710181,0.015913814306259155,10.521425807590123,3
324,24,0.7062690178187726,0.01582467555999756,10.435788511681611,3
325,25,0.70031942553962,0.015733391046524048,10.34745747262906,3
326,26,0.6941764828344202,0.015641748905181885,10.256229753464483,3
327,27,0.6878251986513327,0.015548855066299438,10.161889429107,3
328,28,0.6812459382094826,0.015451669692993164,10.06417237621231,3
329,29,0.6744196156844794,0.015353143215179443,9.962762803115398,3
330,30,0.667322886738643,0.015251576900482178,9.857327532074825,3
331,31,0.6599290872346039,0.015146702527999878,9.747469283239058,3
332,32,0.6522075448471465,0.015038162469863892,9.632731548008561,3
333,33,0.644122340966715,0.014925062656402588,9.5125844879367,3
334,34,0.6356320475786871,0.01480722427368164,9.38640847094349,3
335,35,0.6266884322950437,0.01468437910079956,9.25348269341766,3
336,36,0.6172353592226701,0.014556705951690674,9.112963328823144,3
337,37,0.6072038018832706,0.014421164989471436,8.963845378354343,3
338,38,0.5965131437692266,0.014278650283813477,8.804910653700265,3
339,39,0.5850668329491667,0.01412898302078247,8.634712664029678,3
340,40,0.5727455645571962,0.013969391584396362,8.451489552513978,3
341,41,0.559403930373494,0.013799518346786499,8.253063772134544,3
342,42,0.5448615774221636,0.013617843389511108,8.03674522743734,3
343,43,0.5288925371918912,0.013422578573226929,7.799162272146099,3
344,44,0.5112105063878164,0.01321139931678772,7.536043602649371,3
345,45,0.49144893272247014,0.012981444597244263,7.241919544864608,3
346,46,0.4691337252116996,0.012728869915008545,6.909717179025407,3
347,47,0.4436481093266985,0.012449383735656738,6.53022780254391,3
348,48,0.41416676899203364,0.0121174156665802,6.091327378214701,3
349,49,0.3796611405602543,0.011750668287277222,5.577410425531042,3
350,50,0.338858209112636,0.011319726705551147,4.969675869634029,3
351,51,0.29049065870066193,0.010821372270584106,4.2491461578040886,3
352,52,0.2342824462364706,0.010219573974609375,3.412040953800965,3
353,53,0.17463668524884846,0.009577274322509766,2.5237775355076284,3
354,54,0.12807923401409138,0.008943736553192139,1.8317511446794494,3
355,55,0.11161064790636366,0.008491873741149902,1.589240981183955,3
356,56,0.10890636644675078,0.008343547582626343,1.5501600208749982,3
357,57,0.10823320442938977,0.00831940770149231,1.5403039894259236,3
358,58,0.10782868141804236,0.008313417434692383,1.5342960469237106,3
359,59,0.10746225949563765,0.00830984115600586,1.5288354808745053,3
360,60,0.10710427644070108,0.008306533098220825,1.5234988156283085,3
361,61,0.10675098834885716,0.008303314447402954,1.5182316807588268,3
362,62,0.10640186269380314,0.008300095796585083,1.5130269824411975,3
363,63,0.10605676940134046,0.008296966552734375,1.507881875492763,3
364,64,0.10571560827731447,0.008293837308883667,1.5027957510708794,3
365,65,0.1053783024936496,0.008290797472000122,1.4977665626847423,3
366,66,0.105044763239304,0.008287757635116577,1.4927938722383935,3
367,67,0.10471491168197383,0.008284717798233032,1.4878764972472773,3
368,68,0.10438867887572112,0.00828176736831665,1.4830125094526507,3
369,69,0.10406598448731313,0.008278816938400269,1.4782015979256948,3
370,70,0.10374676289745255,0.00827595591545105,1.4734418843072772,3
371,71,0.10343093319230307,0.008273005485534668,1.4687339430292001,3
372,72,0.10311844460261321,0.008270233869552612,1.464074330343672,3
373,73,0.10280921637950025,0.008267372846603394,1.4594645172264693,3
374,74,0.10250319475775321,0.008264601230621338,1.4549019090600857,3
375,75,0.10220031800809976,0.008261919021606445,1.4503855799054328,3
376,76,0.10190051801798944,0.00825914740562439,1.4459162962135976,3
377,77,0.10160374466369493,0.008256465196609497,1.441491517989329,3
378,78,0.10130993804584609,0.008253782987594604,1.4371112408117452,3
379,79,0.10101904624644653,0.008251190185546875,1.4327737918412298,3
380,80,0.10073101290210845,0.008248597383499146,1.4284792196966354,3
381,81,0.10044578635499218,0.008246004581451416,1.4242267495103678,3
382,82,0.10016331644986709,0.008243411779403687,1.4200156289539707,3
383,83,0.09988355575985358,0.00824090838432312,1.4158442525545727,3
384,84,0.09960645367198084,0.00823831558227539,1.4117136492569595,3
385,85,0.09933196558747237,0.008235722780227661,1.4076222560098097,3
386,86,0.09906004685499736,0.008233219385147095,1.4035685089734897,3
387,87,0.09879065250763647,0.008230715990066528,1.3995526277138817,3
388,88,0.09852373975057516,0.008228212594985962,1.395573970308767,3
389,89,0.09825926687778297,0.008225709199905396,1.3916319111676914,3
390,90,0.09799719235497689,0.008223295211791992,1.3877249332067338,3
391,91,0.09773747797206783,0.008220791816711426,1.3838542514139027,3
392,92,0.09748008298538502,0.008218377828598022,1.3800174664947953,3
393,93,0.09722496877615044,0.008216053247451782,1.3762139991677391,3
394,94,0.09697210185752797,0.008213639259338379,1.372445135269535,3
395,95,0.09672144233526653,0.008211314678192139,1.3687084882470772,3
396,96,0.09647295704563252,0.008208990097045898,1.3650044547140296,3
397,97,0.09622661170898766,0.008206665515899658,1.3613325204758178,3
398,98,0.09598236960139772,0.008204430341720581,1.3576912406037602,3
399,99,0.09574020090439284,0.008202195167541504,1.3540810618904782,3
400,0,0.8,0.0,0.0,4
401,1,0.7999864336571798,0.017294704914093018,11.826849455716768,4
402,2,0.7989823129700997,0.01729443669319153,11.81179032761958,4
403,3,0.7972291812581456,0.017276018857955933,11.785677530292624,4
404,4,0.7949071161952179,0.017244189977645874,11.75116484315181,4
405,5,0.7921501976888412,0.017204314470291138,11.710209820629705,4
406,6,0.7890550351152372,0.01715710759162903,11.664254450812269,4
407,7,0.7856907217981624,0.017103105783462524,11.614329769137811,4
408,8,0.782106922061691,0.01704356074333191,11.561168223492045,4
409,9,0.7783397506525627,0.016980350017547607,11.505292759612962,4
410,10,0.7744146967338954,0.016914188861846924,11.44707856238996,4
411,11,0.7703500435129966,0.016846418380737305,11.386786468887577,4
412,12,0.7661585264008577,0.01677793264389038,11.324598569573961,4
413,13,0.7618471614806197,0.01670747995376587,11.260632622671634,4
414,14,0.7574198999687054,0.016635417938232422,11.194944320148256,4
415,15,0.7528780836780482,0.01656174659729004,11.127553789197824,4
416,16,0.7482210132782007,0.01648646593093872,11.058450539863623,4
417,17,0.7434464112932053,0.01640966534614563,10.987599515936623,4
418,18,0.7385505281380459,0.016331255435943604,10.914945367711255,4
419,19,0.7335283968617232,0.01625123620033264,10.840413590922521,4
420,20,0.7283738531883982,0.01616951823234558,10.76391261550252,4
421,21,0.7230797304140839,0.016086190938949585,10.685334046821765,4
422,22,0.7176375388937977,0.016000986099243164,10.604553222414532,4
423,23,0.712037596710181,0.015913814306259155,10.521425807590123,4
424,24,0.7062690178187726,0.01582467555999756,10.435788511681611,4
425,25,0.70031942553962,0.015733391046524048,10.34745747262906,4
426,26,0.6941764828344202,0.015641748905181885,10.256229753464483,4
427,27,0.6878251986513327,0.015548855066299438,10.161889429107,4
428,28,0.6812459382094826,0.015451669692993164,10.06417237621231,4
429,29,0.6744196156844794,0.015353143215179443,9.962762803115398,4
430,30,0.667322886738643,0.015251576900482178,9.857327532074825,4
431,31,0.6599290872346039,0.015146702527999878,9.747469283239058,4
432,32,0.6522075448471465,0.015038162469863892,9.632731548008561,4
433,33,0.644122340966715,0.014925062656402588,9.5125844879367,4
434,34,0.6356320475786871,0.01480722427368164,9.38640847094349,4
435,35,0.6266884322950437,0.01468437910079956,9.25348269341766,4
436,36,0.6172353592226701,0.014556705951690674,9.112963328823144,4
437,37,0.6072038018832706,0.014421164989471436,8.963845378354343,4
438,38,0.5965131437692266,0.014278650283813477,8.804910653700265,4
439,39,0.5850668329491667,0.01412898302078247,8.634712664029678,4
440,40,0.5727455645571962,0.013969391584396362,8.451489552513978,4
441,41,0.559403930373494,0.013799518346786499,8.253063772134544,4
442,42,0.5448615774221636,0.013617843389511108,8.03674522743734,4
443,43,0.5288925371918912,0.013422578573226929,7.799162272146099,4
444,44,0.5112105063878164,0.01321139931678772,7.536043602649371,4
445,45,0.49144893272247014,0.012981444597244263,7.241919544864608,4
446,46,0.4691337252116996,0.012728869915008545,6.909717179025407,4
447,47,0.4436481093266985,0.012449383735656738,6.53022780254391,4
448,48,0.41416676899203364,0.0121174156665802,6.091327378214701,4
449,49,0.3796611405602543,0.011750668287277222,5.577410425531042,4
450,50,0.338858209112636,0.011319726705551147,4.969675869634029,4
451,51,0.29049065870066193,0.010821372270584106,4.2491461578040886,4
452,52,0.2342824462364706,0.010219573974609375,3.412040953800965,4
453,53,0.17463668524884846,0.009577274322509766,2.5237775355076284,4
454,54,0.12807923401409138,0.008943736553192139,1.8317511446794494,4
455,55,0.11161064790636366,0.008491873741149902,1.589240981183955,4
456,56,0.10890636644675078,0.008343547582626343,1.5501600208749982,4
457,57,0.10823320442938977,0.00831940770149231,1.5403039894259236,4
458,58,0.10782868141804236,0.008313417434692383,1.5342960469237106,4
459,59,0.10746225949563765,0.00830984115600586,1.5288354808745053,4
460,60,0.10710427644070108,0.008306533098220825,1.5234988156283085,4
461,61,0.10675098834885716,0.008303314447402954,1.5182316807588268,4
462,62,0.10640186269380314,0.008300095796585083,1.5130269824411975,4
463,63,0.10605676940134046,0.008296966552734375,1.507881875492763,4
464,64,0.10571560827731447,0.008293837308883667,1.5027957510708794,4
465,65,0.1053783024936496,0.008290797472000122,1.4977665626847423,4
466,66,0.105044763239304,0.008287757635116577,1.4927938722383935,4
467,67,0.10471491168197383,0.008284717798233032,1.4878764972472773,4
468,68,0.10438867887572112,0.00828176736831665,1.4830125094526507,4
469,69,0.10406598448731313,0.008278816938400269,1.4782015979256948,4
470,70,0.10374676289745255,0.00827595591545105,1.4734418843072772,4
471,71,0.10343093319230307,0.008273005485534668,1.4687339430292001,4
472,72,0.10311844460261321,0.008270233869552612,1.464074330343672,4
473,73,0.10280921637950025,0.008267372846603394,1.4594645172264693,4
474,74,0.10250319475775321,0.008264601230621338,1.4549019090600857,4
475,75,0.10220031800809976,0.008261919021606445,1.4503855799054328,4
476,76,0.10190051801798944,0.00825914740562439,1.4459162962135976,4
477,77,0.10160374466369493,0.008256465196609497,1.441491517989329,4
478,78,0.10130993804584609,0.008253782987594604,1.4371112408117452,4
479,79,0.10101904624644653,0.008251190185546875,1.4327737918412298,4
480,80,0.10073101290210845,0.008248597383499146,1.4284792196966354,4
481,81,0.10044578635499218,0.008246004581451416,1.4242267495103678,4
482,82,0.10016331644986709,0.008243411779403687,1.4200156289539707,4
483,83,0.09988355575985358,0.00824090838432312,1.4158442525545727,4
484,84,0.09960645367198084,0.00823831558227539,1.4117136492569595,4
485,85,0.09933196558747237,0.008235722780227661,1.4076222560098097,4
486,86,0.09906004685499736,0.008233219385147095,1.4035685089734897,4
487,87,0.09879065250763647,0.008230715990066528,1.3995526277138817,4
488,88,0.09852373975057516,0.008228212594985962,1.395573970308767,4
489,89,0.09825926687778297,0.008225709199905396,1.3916319111676914,4
490,90,0.09799719235497689,0.008223295211791992,1.3877249332067338,4
491,91,0.09773747797206783,0.008220791816711426,1.3838542514139027,4
492,92,0.09748008298538502,0.008218377828598022,1.3800174664947953,4
493,93,0.09722496877615044,0.008216053247451782,1.3762139991677391,4
494,94,0.09697210185752797,0.008213639259338379,1.372445135269535,4
495,95,0.09672144233526653,0.008211314678192139,1.3687084882470772,4
496,96,0.09647295704563252,0.008208990097045898,1.3650044547140296,4
497,97,0.09622661170898766,0.008206665515899658,1.3613325204758178,4
498,98,0.09598236960139772,0.008204430341720581,1.3576912406037602,4
499,99,0.09574020090439284,0.008202195167541504,1.3540810618904782,4
500,0,0.8,0.0,0.0,5
501,1,0.7999864336571798,0.017294704914093018,11.826849455716768,5
502,2,0.7989823129700997,0.01729443669319153,11.81179032761958,5
503,3,0.7972291812581456,0.017276018857955933,11.785677530292624,5
504,4,0.7949071161952179,0.017244189977645874,11.75116484315181,5
505,5,0.7921501976888412,0.017204314470291138,11.710209820629705,5
506,6,0.7890550351152372,0.01715710759162903,11.664254450812269,5
507,7,0.7856907217981624,0.017103105783462524,11.614329769137811,5
508,8,0.782106922061691,0.01704356074333191,11.561168223492045,5
509,9,0.7783397506525627,0.016980350017547607,11.505292759612962,5
510,10,0.7744146967338954,0.016914188861846924,11.44707856238996,5
511,11,0.7703500435129966,0.016846418380737305,11.386786468887577,5
512,12,0.7661585264008577,0.01677793264389038,11.324598569573961,5
513,13,0.7618471614806197,0.01670747995376587,11.260632622671634,5
514,14,0.7574198999687054,0.016635417938232422,11.194944320148256,5
515,15,0.7528780836780482,0.01656174659729004,11.127553789197824,5
516,16,0.7482210132782007,0.01648646593093872,11.058450539863623,5
517,17,0.7434464112932053,0.01640966534614563,10.987599515936623,5
518,18,0.7385505281380459,0.016331255435943604,10.914945367711255,5
519,19,0.7335283968617232,0.01625123620033264,10.840413590922521,5
520,20,0.7283738531883982,0.01616951823234558,10.76391261550252,5
521,21,0.7230797304140839,0.016086190938949585,10.685334046821765,5
522,22,0.7176375388937977,0.016000986099243164,10.604553222414532,5
523,23,0.712037596710181,0.015913814306259155,10.521425807590123,5
524,24,0.7062690178187726,0.01582467555999756,10.435788511681611,5
525,25,0.70031942553962,0.015733391046524048,10.34745747262906,5
526,26,0.6941764828344202,0.015641748905181885,10.256229753464483,5
527,27,0.6878251986513327,0.015548855066299438,10.161889429107,5
528,28,0.6812459382094826,0.015451669692993164,10.06417237621231,5
529,29,0.6744196156844794,0.015353143215179443,9.962762803115398,5
530,30,0.667322886738643,0.015251576900482178,9.857327532074825,5
531,31,0.6599290872346039,0.015146702527999878,9.747469283239058,5
532,32,0.6522075448471465,0.015038162469863892,9.632731548008561,5
533,33,0.644122340966715,0.014925062656402588,9.5125844879367,5
534,34,0.6356320475786871,0.01480722427368164,9.38640847094349,5
535,35,0.6266884322950437,0.01468437910079956,9.25348269341766,5
536,36,0.6172353592226701,0.014556705951690674,9.112963328823144,5
537,37,0.6072038018832706,0.014421164989471436,8.963845378354343,5
538,38,0.5965131437692266,0.014278650283813477,8.804910653700265,5
539,39,0.5850668329491667,0.01412898302078247,8.634712664029678,5
540,40,0.5727455645571962,0.013969391584396362,8.451489552513978,5
541,41,0.559403930373494,0.013799518346786499,8.253063772134544,5
542,42,0.5448615774221636,0.013617843389511108,8.03674522743734,5
543,43,0.5288925371918912,0.013422578573226929,7.799162272146099,5
544,44,0.5112105063878164,0.01321139931678772,7.536043602649371,5
545,45,0.49144893272247014,0.012981444597244263,7.241919544864608,5
546,46,0.4691337252116996,0.012728869915008545,6.909717179025407,5
547,47,0.4436481093266985,0.012449383735656738,6.53022780254391,5
548,48,0.41416676899203364,0.0121174156665802,6.091327378214701,5
549,49,0.3796611405602543,0.011750668287277222,5.577410425531042,5
550,50,0.338858209112636,0.011319726705551147,4.969675869634029,5
551,51,0.29049065870066193,0.010821372270584106,4.2491461578040886,5
552,52,0.2342824462364706,0.010219573974609375,3.412040953800965,5
553,53,0.17463668524884846,0.009577274322509766,2.5237775355076284,5
554,54,0.12807923401409138,0.008943736553192139,1.8317511446794494,5
555,55,0.11161064790636366,0.008491873741149902,1.589240981183955,5
556,56,0.10890636644675078,0.008343547582626343,1.5501600208749982,5
557,57,0.10823320442938977,0.00831940770149231,1.5403039894259236,5
558,58,0.10782868141804236,0.008313417434692383,1.5342960469237106,5
559,59,0.10746225949563765,0.00830984115600586,1.5288354808745053,5
560,60,0.10710427644070108,0.008306533098220825,1.5234988156283085,5
561,61,0.10675098834885716,0.008303314447402954,1.5182316807588268,5
562,62,0.10640186269380314,0.008300095796585083,1.5130269824411975,5
563,63,0.10605676940134046,0.008296966552734375,1.507881875492763,5
564,64,0.10571560827731447,0.008293837308883667,1.5027957510708794,5
565,65,0.1053783024936496,0.008290797472000122,1.4977665626847423,5
566,66,0.105044763239304,0.008287757635116577,1.4927938722383935,5
567,67,0.10471491168197383,0.008284717798233032,1.4878764972472773,5
568,68,0.10438867887572112,0.00828176736831665,1.4830125094526507,5
569,69,0.10406598448731313,0.008278816938400269,1.4782015979256948,5
570,70,0.10374676289745255,0.00827595591545105,1.4734418843072772,5
571,71,0.10343093319230307,0.008273005485534668,1.4687339430292001,5
572,72,0.10311844460261321,0.008270233869552612,1.464074330343672,5
573,73,0.10280921637950025,0.008267372846603394,1.4594645172264693,5
574,74,0.10250319475775321,0.008264601230621338,1.4549019090600857,5
575,75,0.10220031800809976,0.008261919021606445,1.4503855799054328,5
576,76,0.10190051801798944,0.00825914740562439,1.4459162962135976,5
577,77,0.10160374466369493,0.008256465196609497,1.441491517989329,5
578,78,0.10130993804584609,0.008253782987594604,1.4371112408117452,5
579,79,0.10101904624644653,0.008251190185546875,1.4327737918412298,5
580,80,0.10073101290210845,0.008248597383499146,1.4284792196966354,5
581,81,0.10044578635499218,0.008246004581451416,1.4242267495103678,5
582,82,0.10016331644986709,0.008243411779403687,1.4200156289539707,5
583,83,0.09988355575985358,0.00824090838432312,1.4158442525545727,5
584,84,0.09960645367198084,0.00823831558227539,1.4117136492569595,5
585,85,0.09933196558747237,0.008235722780227661,1.4076222560098097,5
586,86,0.09906004685499736,0.008233219385147095,1.4035685089734897,5
587,87,0.09879065250763647,0.008230715990066528,1.3995526277138817,5
588,88,0.09852373975057516,0.008228212594985962,1.395573970308767,5
589,89,0.09825926687778297,0.008225709199905396,1.3916319111676914,5
590,90,0.09799719235497689,0.008223295211791992,1.3877249332067338,5
591,91,0.09773747797206783,0.008220791816711426,1.3838542514139027,5
592,92,0.09748008298538502,0.008218377828598022,1.3800174664947953,5
593,93,0.09722496877615044,0.008216053247451782,1.3762139991677391,5
594,94,0.09697210185752797,0.008213639259338379,1.372445135269535,5
595,95,0.09672144233526653,0.008211314678192139,1.3687084882470772,5
596,96,0.09647295704563252,0.008208990097045898,1.3650044547140296,5
597,97,0.09622661170898766,0.008206665515899658,1.3613325204758178,5
598,98,0.09598236960139772,0.008204430341720581,1.3576912406037602,5
599,99,0.09574020090439284,0.008202195167541504,1.3540810618904782,5
600,0,0.8,0.0,0.0,6
601,1,0.7999864336571798,0.017294704914093018,11.826849455716768,6
602,2,0.7989823129700997,0.01729443669319153,11.81179032761958,6
603,3,0.7972291812581456,0.017276018857955933,11.785677530292624,6
604,4,0.7949071161952179,0.017244189977645874,11.75116484315181,6
605,5,0.7921501976888412,0.017204314470291138,11.710209820629705,6
606,6,0.7890550351152372,0.01715710759162903,11.664254450812269,6
607,7,0.7856907217981624,0.017103105783462524,11.614329769137811,6
608,8,0.782106922061691,0.01704356074333191,11.561168223492045,6
609,9,0.7783397506525627,0.016980350017547607,11.505292759612962,6
610,10,0.7744146967338954,0.016914188861846924,11.44707856238996,6
611,11,0.7703500435129966,0.016846418380737305,11.386786468887577,6
612,12,0.7661585264008577,0.01677793264389038,11.324598569573961,6
613,13,0.7618471614806197,0.01670747995376587,11.260632622671634,6
614,14,0.7574198999687054,0.016635417938232422,11.194944320148256,6
615,15,0.7528780836780482,0.01656174659729004,11.127553789197824,6
616,16,0.7482210132782007,0.01648646593093872,11.058450539863623,6
617,17,0.7434464112932053,0.01640966534614563,10.987599515936623,6
618,18,0.7385505281380459,0.016331255435943604,10.914945367711255,6
619,19,0.7335283968617232,0.01625123620033264,10.840413590922521,6
620,20,0.7283738531883982,0.01616951823234558,10.76391261550252,6
621,21,0.7230797304140839,0.016086190938949585,10.685334046821765,6
622,22,0.7176375388937977,0.016000986099243164,10.604553222414532,6
623,23,0.712037596710181,0.015913814306259155,10.521425807590123,6
624,24,0.7062690178187726,0.01582467555999756,10.435788511681611,6
625,25,0.70031942553962,0.015733391046524048,10.34745747262906,6
626,26,0.6941764828344202,0.015641748905181885,10.256229753464483,6
627,27,0.6878251986513327,0.015548855066299438,10.161889429107,6
628,28,0.6812459382094826,0.015451669692993164,10.06417237621231,6
629,29,0.6744196156844794,0.015353143215179443,9.962762803115398,6
630,30,0.667322886738643,0.015251576900482178,9.857327532074825,6
631,31,0.6599290872346039,0.015146702527999878,9.747469283239058,6
632,32,0.6522075448471465,0.015038162469863892,9.632731548008561,6
633,33,0.644122340966715,0.014925062656402588,9.5125844879367,6
634,34,0.6356320475786871,0.01480722427368164,9.38640847094349,6
635,35,0.6266884322950437,0.01468437910079956,9.25348269341766,6
636,36,0.6172353592226701,0.014556705951690674,9.112963328823144,6
637,37,0.6072038018832706,0.014421164989471436,8.963845378354343,6
638,38,0.5965131437692266,0.014278650283813477,8.804910653700265,6
639,39,0.5850668329491667,0.01412898302078247,8.634712664029678,6
640,40,0.5727455645571962,0.013969391584396362,8.451489552513978,6
641,41,0.559403930373494,0.013799518346786499,8.253063772134544,6
642,42,0.5448615774221636,0.013617843389511108,8.03674522743734,6
643,43,0.5288925371918912,0.013422578573226929,7.799162272146099,6
644,44,0.5112105063878164,0.01321139931678772,7.536043602649371,6
645,45,0.49144893272247014,0.012981444597244263,7.241919544864608,6
646,46,0.4691337252116996,0.012728869915008545,6.909717179025407,6
647,47,0.4436481093266985,0.012449383735656738,6.53022780254391,6
648,48,0.41416676899203364,0.0121174156665802,6.091327378214701,6
649,49,0.3796611405602543,0.011750668287277222,5.577410425531042,6
650,50,0.338858209112636,0.011319726705551147,4.969675869634029,6
651,51,0.29049065870066193,0.010821372270584106,4.2491461578040886,6
652,52,0.2342824462364706,0.010219573974609375,3.412040953800965,6
653,53,0.17463668524884846,0.009577274322509766,2.5237775355076284,6
654,54,0.12807923401409138,0.008943736553192139,1.8317511446794494,6
655,55,0.11161064790636366,0.008491873741149902,1.589240981183955,6
656,56,0.10890636644675078,0.008343547582626343,1.5501600208749982,6
657,57,0.10823320442938977,0.00831940770149231,1.5403039894259236,6
658,58,0.10782868141804236,0.008313417434692383,1.5342960469237106,6
659,59,0.10746225949563765,0.00830984115600586,1.5288354808745053,6
660,60,0.10710427644070108,0.008306533098220825,1.5234988156283085,6
661,61,0.10675098834885716,0.008303314447402954,1.5182316807588268,6
662,62,0.10640186269380314,0.008300095796585083,1.5130269824411975,6
663,63,0.10605676940134046,0.008296966552734375,1.507881875492763,6
664,64,0.10571560827731447,0.008293837308883667,1.5027957510708794,6
665,65,0.1053783024936496,0.008290797472000122,1.4977665626847423,6
666,66,0.105044763239304,0.008287757635116577,1.4927938722383935,6
667,67,0.10471491168197383,0.008284717798233032,1.4878764972472773,6
668,68,0.10438867887572112,0.00828176736831665,1.4830125094526507,6
669,69,0.10406598448731313,0.008278816938400269,1.4782015979256948,6
670,70,0.10374676289745255,0.00827595591545105,1.4734418843072772,6
671,71,0.10343093319230307,0.008273005485534668,1.4687339430292001,6
672,72,0.10311844460261321,0.008270233869552612,1.464074330343672,6
673,73,0.10280921637950025,0.008267372846603394,1.4594645172264693,6
674,74,0.10250319475775321,0.008264601230621338,1.4549019090600857,6
675,75,0.10220031800809976,0.008261919021606445,1.4503855799054328,6
676,76,0.10190051801798944,0.00825914740562439,1.4459162962135976,6
677,77,0.10160374466369493,0.008256465196609497,1.441491517989329,6
678,78,0.10130993804584609,0.008253782987594604,1.4371112408117452,6
679,79,0.10101904624644653,0.008251190185546875,1.4327737918412298,6
680,80,0.10073101290210845,0.008248597383499146,1.4284792196966354,6
681,81,0.10044578635499218,0.008246004581451416,1.4242267495103678,6
682,82,0.10016331644986709,0.008243411779403687,1.4200156289539707,6
683,83,0.09988355575985358,0.00824090838432312,1.4158442525545727,6
684,84,0.09960645367198084,0.00823831558227539,1.4117136492569595,6
685,85,0.09933196558747237,0.008235722780227661,1.4076222560098097,6
686,86,0.09906004685499736,0.008233219385147095,1.4035685089734897,6
687,87,0.09879065250763647,0.008230715990066528,1.3995526277138817,6
688,88,0.09852373975057516,0.008228212594985962,1.395573970308767,6
689,89,0.09825926687778297,0.008225709199905396,1.3916319111676914,6
690,90,0.09799719235497689,0.008223295211791992,1.3877249332067338,6
691,91,0.09773747797206783,0.008220791816711426,1.3838542514139027,6
692,92,0.09748008298538502,0.008218377828598022,1.3800174664947953,6
693,93,0.09722496877615044,0.008216053247451782,1.3762139991677391,6
694,94,0.09697210185752797,0.008213639259338379,1.372445135269535,6
695,95,0.09672144233526653,0.008211314678192139,1.3687084882470772,6
696,96,0.09647295704563252,0.008208990097045898,1.3650044547140296,6
697,97,0.09622661170898766,0.008206665515899658,1.3613325204758178,6
698,98,0.09598236960139772,0.008204430341720581,1.3576912406037602,6
699,99,0.09574020090439284,0.008202195167541504,1.3540810618904782,6
700,0,0.8,0.0,0.0,7
701,1,0.7999864336571798,0.017294704914093018,11.826849455716768,7
702,2,0.7989823129700997,0.01729443669319153,11.81179032761958,7
703,3,0.7972291812581456,0.017276018857955933,11.785677530292624,7
704,4,0.7949071161952179,0.017244189977645874,11.75116484315181,7
705,5,0.7921501976888412,0.017204314470291138,11.710209820629705,7
706,6,0.7890550351152372,0.01715710759162903,11.664254450812269,7
707,7,0.7856907217981624,0.017103105783462524,11.614329769137811,7
708,8,0.782106922061691,0.01704356074333191,11.561168223492045,7
709,9,0.7783397506525627,0.016980350017547607,11.505292759612962,7
710,10,0.7744146967338954,0.016914188861846924,11.44707856238996,7
711,11,0.7703500435129966,0.016846418380737305,11.386786468887577,7
712,12,0.7661585264008577,0.01677793264389038,11.324598569573961,7
713,13,0.7618471614806197,0.01670747995376587,11.260632622671634,7
714,14,0.7574198999687054,0.016635417938232422,11.194944320148256,7
715,15,0.7528780836780482,0.01656174659729004,11.127553789197824,7
716,16,0.7482210132782007,0.01648646593093872,11.058450539863623,7
717,17,0.7434464112932053,0.01640966534614563,10.987599515936623,7
718,18,0.7385505281380459,0.016331255435943604,10.914945367711255,7
719,19,0.7335283968617232,0.01625123620033264,10.840413590922521,7
720,20,0.7283738531883982,0.01616951823234558,10.76391261550252,7
721,21,0.7230797304140839,0.016086190938949585,10.685334046821765,7
722,22,0.7176375388937977,0.016000986099243164,10.604553222414532,7
723,23,0.712037596710181,0.015913814306259155,10.521425807590123,7
724,24,0.7062690178187726,0.01582467555999756,10.435788511681611,7
725,25,0.70031942553962,0.015733391046524048,10.34745747262906,7
726,26,0.6941764828344202,0.015641748905181885,10.256229753464483,7
727,27,0.6878251986513327,0.015548855066299438,10.161889429107,7
728,28,0.6812459382094826,0.015451669692993164,10.06417237621231,7
729,29,0.6744196156844794,0.015353143215179443,9.962762803115398,7
730,30,0.667322886738643,0.015251576900482178,9.857327532074825,7
731,31,0.6599290872346039,0.015146702527999878,9.747469283239058,7
732,32,0.6522075448471465,0.015038162469863892,9.632731548008561,7
733,33,0.644122340966715,0.014925062656402588,9.5125844879367,7
734,34,0.6356320475786871,0.01480722427368164,9.38640847094349,7
735,35,0.6266884322950437,0.01468437910079956,9.25348269341766,7
736,36,0.6172353592226701,0.014556705951690674,9.112963328823144,7
737,37,0.6072038018832706,0.014421164989471436,8.963845378354343,7
738,38,0.5965131437692266,0.014278650283813477,8.804910653700265,7
739,39,0.5850668329491667,0.01412898302078247,8.634712664029678,7
740,40,0.5727455645571962,0.013969391584396362,8.451489552513978,7
741,41,0.559403930373494,0.013799518346786499,8.253063772134544,7
742,42,0.5448615774221636,0.013617843389511108,8.03674522743734,7
743,43,0.5288925371918912,0.013422578573226929,7.799162272146099,7
744,44,0.5112105063878164,0.01321139931678772,7.536043602649371,7
745,45,0.49144893272247014,0.012981444597244263,7.241919544864608,7
746,46,0.4691337252116996,0.012728869915008545,6.909717179025407,7
747,47,0.4436481093266985,0.012449383735656738,6.53022780254391,7
748,48,0.41416676899203364,0.0121174156665802,6.091327378214701,7
749,49,0.3796611405602543,0.011750668287277222,5.577410425531042,7
750,50,0.338858209112636,0.011319726705551147,4.969675869634029,7
751,51,0.29049065870066193,0.010821372270584106,4.2491461578040886,7
752,52,0.2342824462364706,0.010219573974609375,3.412040953800965,7
753,53,0.17463668524884846,0.009577274322509766,2.5237775355076284,7
754,54,0.12807923401409138,0.008943736553192139,1.8317511446794494,7
755,55,0.11161064790636366,0.008491873741149902,1.589240981183955,7
756,56,0.10890636644675078,0.008343547582626343,1.5501600208749982,7
757,57,0.10823320442938977,0.00831940770149231,1.5403039894259236,7
758,58,0.10782868141804236,0.008313417434692383,1.5342960469237106,7
759,59,0.10746225949563765,0.00830984115600586,1.5288354808745053,7
760,60,0.10710427644070108,0.008306533098220825,1.5234988156283085,7
761,61,0.10675098834885716,0.008303314447402954,1.5182316807588268,7
762,62,0.10640186269380314,0.008300095796585083,1.5130269824411975,7
763,63,0.10605676940134046,0.008296966552734375,1.507881875492763,7
764,64,0.10571560827731447,0.008293837308883667,1.5027957510708794,7
765,65,0.1053783024936496,0.008290797472000122,1.4977665626847423,7
766,66,0.105044763239304,0.008287757635116577,1.4927938722383935,7
767,67,0.10471491168197383,0.008284717798233032,1.4878764972472773,7
768,68,0.10438867887572112,0.00828176736831665,1.4830125094526507,7
769,69,0.10406598448731313,0.008278816938400269,1.4782015979256948,7
770,70,0.10374676289745255,0.00827595591545105,1.4734418843072772,7
771,71,0.10343093319230307,0.008273005485534668,1.4687339430292001,7
772,72,0.10311844460261321,0.008270233869552612,1.464074330343672,7
773,73,0.10280921637950025,0.008267372846603394,1.4594645172264693,7
774,74,0.10250319475775321,0.008264601230621338,1.4549019090600857,7
775,75,0.10220031800809976,0.008261919021606445,1.4503855799054328,7
776,76,0.10190051801798944,0.00825914740562439,1.4459162962135976,7
777,77,0.10160374466369493,0.008256465196609497,1.441491517989329,7
778,78,0.10130993804584609,0.008253782987594604,1.4371112408117452,7
779,79,0.10101904624644653,0.008251190185546875,1.4327737918412298,7
780,80,0.10073101290210845,0.008248597383499146,1.4284792196966354,7
781,81,0.10044578635499218,0.008246004581451416,1.4242267495103678,7
782,82,0.10016331644986709,0.008243411779403687,1.4200156289539707,7
783,83,0.09988355575985358,0.00824090838432312,1.4158442525545727,7
784,84,0.09960645367198084,0.00823831558227539,1.4117136492569595,7
785,85,0.09933196558747237,0.008235722780227661,1.4076222560098097,7
786,86,0.09906004685499736,0.008233219385147095,1.4035685089734897,7
787,87,0.09879065250763647,0.008230715990066528,1.3995526277138817,7
788,88,0.09852373975057516,0.008228212594985962,1.395573970308767,7
789,89,0.09825926687778297,0.008225709199905396,1.3916319111676914,7
790,90,0.09799719235497689,0.008223295211791992,1.3877249332067338,7
791,91,0.09773747797206783,0.008220791816711426,1.3838542514139027,7
792,92,0.09748008298538502,0.008218377828598022,1.3800174664947953,7
793,93,0.09722496877615044,0.008216053247451782,1.3762139991677391,7
794,94,0.09697210185752797,0.008213639259338379,1.372445135269535,7
795,95,0.09672144233526653,0.008211314678192139,1.3687084882470772,7
796,96,0.09647295704563252,0.008208990097045898,1.3650044547140296,7
797,97,0.09622661170898766,0.008206665515899658,1.3613325204758178,7
798,98,0.09598236960139772,0.008204430341720581,1.3576912406037602,7
799,99,0.09574020090439284,0.008202195167541504,1.3540810618904782,7
800,0,0.8,0.0,0.0,8
801,1,0.7999864336571798,0.017294704914093018,11.826849455716768,8
802,2,0.7989823129700997,0.01729443669319153,11.81179032761958,8
803,3,0.7972291812581456,0.017276018857955933,11.785677530292624,8
804,4,0.7949071161952179,0.017244189977645874,11.75116484315181,8
805,5,0.7921501976888412,0.017204314470291138,11.710209820629705,8
806,6,0.7890550351152372,0.01715710759162903,11.664254450812269,8
807,7,0.7856907217981624,0.017103105783462524,11.614329769137811,8
808,8,0.782106922061691,0.01704356074333191,11.561168223492045,8
809,9,0.7783397506525627,0.016980350017547607,11.505292759612962,8
810,10,0.7744146967338954,0.016914188861846924,11.44707856238996,8
811,11,0.7703500435129966,0.016846418380737305,11.386786468887577,8
812,12,0.7661585264008577,0.01677793264389038,11.324598569573961,8
813,13,0.7618471614806197,0.01670747995376587,11.260632622671634,8
814,14,0.7574198999687054,0.016635417938232422,11.194944320148256,8
815,15,0.7528780836780482,0.01656174659729004,11.127553789197824,8
816,16,0.7482210132782007,0.01648646593093872,11.058450539863623,8
817,17,0.7434464112932053,0.01640966534614563,10.987599515936623,8
818,18,0.7385505281380459,0.016331255435943604,10.914945367711255,8
819,19,0.7335283968617232,0.01625123620033264,10.840413590922521,8
820,20,0.7283738531883982,0.01616951823234558,10.76391261550252,8
821,21,0.7230797304140839,0.016086190938949585,10.685334046821765,8
822,22,0.7176375388937977,0.016000986099243164,10.604553222414532,8
823,23,0.712037596710181,0.015913814306259155,10.521425807590123,8
824,24,0.7062690178187726,0.01582467555999756,10.435788511681611,8
825,25,0.70031942553962,0.015733391046524048,10.34745747262906,8
826,26,0.6941764828344202,0.015641748905181885,10.256229753464483,8
827,27,0.6878251986513327,0.015548855066299438,10.161889429107,8
828,28,0.6812459382094826,0.015451669692993164,10.06417237621231,8
829,29,0.6744196156844794,0.015353143215179443,9.962762803115398,8
830,30,0.667322886738643,0.015251576900482178,9.857327532074825,8
831,31,0.6599290872346039,0.015146702527999878,9.747469283239058,8
832,32,0.6522075448471465,0.015038162469863892,9.632731548008561,8
833,33,0.644122340966715,0.014925062656402588,9.5125844879367,8
834,34,0.6356320475786871,0.01480722427368164,9.38640847094349,8
835,35,0.6266884322950437,0.01468437910079956,9.25348269341766,8
836,36,0.6172353592226701,0.014556705951690674,9.112963328823144,8
837,37,0.6072038018832706,0.014421164989471436,8.963845378354343,8
838,38,0.5965131437692266,0.014278650283813477,8.804910653700265,8
839,39,0.5850668329491667,0.01412898302078247,8.634712664029678,8
840,40,0.5727455645571962,0.013969391584396362,8.451489552513978,8
841,41,0.559403930373494,0.013799518346786499,8.253063772134544,8
842,42,0.5448615774221636,0.013617843389511108,8.03674522743734,8
843,43,0.5288925371918912,0.013422578573226929,7.799162272146099,8
844,44,0.5112105063878164,0.01321139931678772,7.536043602649371,8
845,45,0.49144893272247014,0.012981444597244263,7.241919544864608,8
846,46,0.4691337252116996,0.012728869915008545,6.909717179025407,8
847,47,0.4436481093266985,0.012449383735656738,6.53022780254391,8
848,48,0.41416676899203364,0.0121174156665802,6.091327378214701,8
849,49,0.3796611405602543,0.011750668287277222,5.577410425531042,8
850,50,0.338858209112636,0.011319726705551147,4.969675869634029,8
851,51,0.29049065870066193,0.010821372270584106,4.2491461578040886,8
852,52,0.2342824462364706,0.010219573974609375,3.412040953800965,8
853,53,0.17463668524884846,0.009577274322509766,2.5237775355076284,8
854,54,0.12807923401409138,0.008943736553192139,1.8317511446794494,8
855,55,0.11161064790636366,0.008491873741149902,1.589240981183955,8
856,56,0.10890636644675078,0.008343547582626343,1.5501600208749982,8
857,57,0.10823320442938977,0.00831940770149231,1.5403039894259236,8
858,58,0.10782868141804236,0.008313417434692383,1.5342960469237106,8
859,59,0.10746225949563765,0.00830984115600586,1.5288354808745053,8
860,60,0.10710427644070108,0.008306533098220825,1.5234988156283085,8
861,61,0.10675098834885716,0.008303314447402954,1.5182316807588268,8
862,62,0.10640186269380314,0.008300095796585083,1.5130269824411975,8
863,63,0.10605676940134046,0.008296966552734375,1.507881875492763,8
864,64,0.10571560827731447,0.008293837308883667,1.5027957510708794,8
865,65,0.1053783024936496,0.008290797472000122,1.4977665626847423,8
866,66,0.105044763239304,0.008287757635116577,1.4927938722383935,8
867,67,0.10471491168197383,0.008284717798233032,1.4878764972472773,8
868,68,0.10438867887572112,0.00828176736831665,1.4830125094526507,8
869,69,0.10406598448731313,0.008278816938400269,1.4782015979256948,8
870,70,0.10374676289745255,0.00827595591545105,1.4734418843072772,8
871,71,0.10343093319230307,0.008273005485534668,1.4687339430292001,8
872,72,0.10311844460261321,0.008270233869552612,1.464074330343672,8
873,73,0.10280921637950025,0.008267372846603394,1.4594645172264693,8
874,74,0.10250319475775321,0.008264601230621338,1.4549019090600857,8
875,75,0.10220031800809976,0.008261919021606445,1.4503855799054328,8
876,76,0.10190051801798944,0.00825914740562439,1.4459162962135976,8
877,77,0.10160374466369493,0.008256465196609497,1.441491517989329,8
878,78,0.10130993804584609,0.008253782987594604,1.4371112408117452,8
879,79,0.10101904624644653,0.008251190185546875,1.4327737918412298,8
880,80,0.10073101290210845,0.008248597383499146,1.4284792196966354,8
881,81,0.10044578635499218,0.008246004581451416,1.4242267495103678,8
882,82,0.10016331644986709,0.008243411779403687,1.4200156289539707,8
883,83,0.09988355575985358,0.00824090838432312,1.4158442525545727,8
884,84,0.09960645367198084,0.00823831558227539,1.4117136492569595,8
885,85,0.09933196558747237,0.008235722780227661,1.4076222560098097,8
886,86,0.09906004685499736,0.008233219385147095,1.4035685089734897,8
887,87,0.09879065250763647,0.008230715990066528,1.3995526277138817,8
888,88,0.09852373975057516,0.008228212594985962,1.395573970308767,8
889,89,0.09825926687778297,0.008225709199905396,1.3916319111676914,8
890,90,0.09799719235497689,0.008223295211791992,1.3877249332067338,8
891,91,0.09773747797206783,0.008220791816711426,1.3838542514139027,8
892,92,0.09748008298538502,0.008218377828598022,1.3800174664947953,8
893,93,0.09722496877615044,0.008216053247451782,1.3762139991677391,8
894,94,0.09697210185752797,0.008213639259338379,1.372445135269535,8
895,95,0.09672144233526653,0.008211314678192139,1.3687084882470772,8
896,96,0.09647295704563252,0.008208990097045898,1.3650044547140296,8
897,97,0.09622661170898766,0.008206665515899658,1.3613325204758178,8
898,98,0.09598236960139772,0.008204430341720581,1.3576912406037602,8
899,99,0.09574020090439284,0.008202195167541504,1.3540810618904782,8
900,0,0.8,0.0,0.0,9
901,1,0.7999864336571798,0.017294704914093018,11.826849455716768,9
902,2,0.7989823129700997,0.01729443669319153,11.81179032761958,9
903,3,0.7972291812581456,0.017276018857955933,11.785677530292624,9
904,4,0.7949071161952179,0.017244189977645874,11.75116484315181,9
905,5,0.7921501976888412,0.017204314470291138,11.710209820629705,9
906,6,0.7890550351152372,0.01715710759162903,11.664254450812269,9
907,7,0.7856907217981624,0.017103105783462524,11.614329769137811,9
908,8,0.782106922061691,0.01704356074333191,11.561168223492045,9
909,9,0.7783397506525627,0.016980350017547607,11.505292759612962,9
910,10,0.7744146967338954,0.016914188861846924,11.44707856238996,9
911,11,0.7703500435129966,0.016846418380737305,11.386786468887577,9
912,12,0.7661585264008577,0.01677793264389038,11.324598569573961,9
913,13,0.7618471614806197,0.01670747995376587,11.260632622671634,9
914,14,0.7574198999687054,0.016635417938232422,11.194944320148256,9
915,15,0.7528780836780482,0.01656174659729004,11.127553789197824,9
916,16,0.7482210132782007,0.01648646593093872,11.058450539863623,9
917,17,0.7434464112932053,0.01640966534614563,10.987599515936623,9
918,18,0.7385505281380459,0.016331255435943604,10.914945367711255,9
919,19,0.7335283968617232,0.01625123620033264,10.840413590922521,9
920,20,0.7283738531883982,0.01616951823234558,10.76391261550252,9
921,21,0.7230797304140839,0.016086190938949585,10.685334046821765,9
922,22,0.7176375388937977,0.016000986099243164,10.604553222414532,9
923,23,0.712037596710181,0.015913814306259155,10.521425807590123,9
924,24,0.7062690178187726,0.01582467555999756,10.435788511681611,9
925,25,0.70031942553962,0.015733391046524048,10.34745747262906,9
926,26,0.6941764828344202,0.015641748905181885,10.256229753464483,9
927,27,0.6878251986513327,0.015548855066299438,10.161889429107,9
928,28,0.6812459382094826,0.015451669692993164,10.06417237621231,9
929,29,0.6744196156844794,0.015353143215179443,9.962762803115398,9
930,30,0.667322886738643,0.015251576900482178,9.857327532074825,9
931,31,0.6599290872346039,0.015146702527999878,9.747469283239058,9
932,32,0.6522075448471465,0.015038162469863892,9.632731548008561,9
933,33,0.644122340966715,0.014925062656402588,9.5125844879367,9
934,34,0.6356320475786871,0.01480722427368164,9.38640847094349,9
935,35,0.6266884322950437,0.01468437910079956,9.25348269341766,9
936,36,0.6172353592226701,0.014556705951690674,9.112963328823144,9
937,37,0.6072038018832706,0.014421164989471436,8.963845378354343,9
938,38,0.5965131437692266,0.014278650283813477,8.804910653700265,9
939,39,0.5850668329491667,0.01412898302078247,8.634712664029678,9
940,40,0.5727455645571962,0.013969391584396362,8.451489552513978,9
941,41,0.559403930373494,0.013799518346786499,8.253063772134544,9
942,42,0.5448615774221636,0.013617843389511108,8.03674522743734,9
943,43,0.5288925371918912,0.013422578573226929,7.799162272146099,9
944,44,0.5112105063878164,0.01321139931678772,7.536043602649371,9
945,45,0.49144893272247014,0.012981444597244263,7.241919544864608,9
946,46,0.4691337252116996,0.012728869915008545,6.909717179025407,9
947,47,0.4436481093266985,0.012449383735656738,6.53022780254391,9
948,48,0.41416676899203364,0.0121174156665802,6.091327378214701,9
949,49,0.3796611405602543,0.011750668287277222,5.577410425531042,9
950,50,0.338858209112636,0.011319726705551147,4.969675869634029,9
951,51,0.29049065870066193,0.010821372270584106,4.2491461578040886,9
952,52,0.2342824462364706,0.010219573974609375,3.412040953800965,9
953,53,0.17463668524884846,0.009577274322509766,2.5237775355076284,9
954,54,0.12807923401409138,0.008943736553192139,1.8317511446794494,9
955,55,0.11161064790636366,0.008491873741149902,1.589240981183955,9
956,56,0.10890636644675078,0.008343547582626343,1.5501600208749982,9
957,57,0.10823320442938977,0.00831940770149231,1.5403039894259236,9
958,58,0.10782868141804236,0.008313417434692383,1.5342960469237106,9
959,59,0.10746225949563765,0.00830984115600586,1.5288354808745053,9
960,60,0.10710427644070108,0.008306533098220825,1.5234988156283085,9
961,61,0.10675098834885716,0.008303314447402954,1.5182316807588268,9
962,62,0.10640186269380314,0.008300095796585083,1.5130269824411975,9
963,63,0.10605676940134046,0.008296966552734375,1.507881875492763,9
964,64,0.10571560827731447,0.008293837308883667,1.5027957510708794,9
965,65,0.1053783024936496,0.008290797472000122,1.4977665626847423,9
966,66,0.105044763239304,0.008287757635116577,1.4927938722383935,9
967,67,0.10471491168197383,0.008284717798233032,1.4878764972472773,9
968,68,0.10438867887572112,0.00828176736831665,1.4830125094526507,9
969,69,0.10406598448731313,0.008278816938400269,1.4782015979256948,9
970,70,0.10374676289745255,0.00827595591545105,1.4734418843072772,9
971,71,0.10343093319230307,0.008273005485534668,1.4687339430292001,9
972,72,0.10311844460261321,0.008270233869552612,1.464074330343672,9
973,73,0.10280921637950025,0.008267372846603394,1.4594645172264693,9
974,74,0.10250319475775321,0.008264601230621338,1.4549019090600857,9
975,75,0.10220031800809976,0.008261919021606445,1.4503855799054328,9
976,76,0.10190051801798944,0.00825914740562439,1.4459162962135976,9
977,77,0.10160374466369493,0.008256465196609497,1.441491517989329,9
978,78,0.10130993804584609,0.008253782987594604,1.4371112408117452,9
979,79,0.10101904624644653,0.008251190185546875,1.4327737918412298,9
980,80,0.10073101290210845,0.008248597383499146,1.4284792196966354,9
981,81,0.10044578635499218,0.008246004581451416,1.4242267495103678,9
982,82,0.10016331644986709,0.008243411779403687,1.4200156289539707,9
983,83,0.09988355575985358,0.00824090838432312,1.4158442525545727,9
984,84,0.09960645367198084,0.00823831558227539,1.4117136492569595,9
985,85,0.09933196558747237,0.008235722780227661,1.4076222560098097,9
986,86,0.09906004685499736,0.008233219385147095,1.4035685089734897,9
987,87,0.09879065250763647,0.008230715990066528,1.3995526277138817,9
988,88,0.09852373975057516,0.008228212594985962,1.395573970308767,9
989,89,0.09825926687778297,0.008225709199905396,1.3916319111676914,9
990,90,0.09799719235497689,0.008223295211791992,1.3877249332067338,9
991,91,0.09773747797206783,0.008220791816711426,1.3838542514139027,9
992,92,0.09748008298538502,0.008218377828598022,1.3800174664947953,9
993,93,0.09722496877615044,0.008216053247451782,1.3762139991677391,9
994,94,0.09697210185752797,0.008213639259338379,1.372445135269535,9
995,95,0.09672144233526653,0.008211314678192139,1.3687084882470772,9
996,96,0.09647295704563252,0.008208990097045898,1.3650044547140296,9
997,97,0.09622661170898766,0.008206665515899658,1.3613325204758178,9
998,98,0.09598236960139772,0.008204430341720581,1.3576912406037602,9
999,99,0.09574020090439284,0.008202195167541504,1.3540810618904782,9
