,number,value,datetime_start,datetime_complete,duration,params_activation_fn,params_ent_coef,params_gae_lambda,params_gamma,params_log_std_init,params_lr,params_lr_schedule,params_max_grad_norm,params_n_steps,params_net_arch,params_normalize_advantage,params_ortho_init,params_use_rms_prop,params_vf_coef,system_attrs_fail_reason,state
0,0,28.394456400000003,2021-01-01 18:11:50.884988,2021-01-01 18:27:11.440839,0 days 00:15:20.555851,relu,0.08248459783678383,1.0,0.9999,-2.496462097528044,0.06694470299208746,constant,0.3,64,small,True,False,False,0.46703491635284966,,COMPLETE
1,1,19.493993600000003,2021-01-01 18:11:50.895053,2021-01-01 18:25:57.871048,0 days 00:14:06.975995,tanh,4.1132947766769986e-08,0.95,0.95,-1.1422511086494973,0.0011036250547916706,linear,0.6,1024,small,True,False,False,0.49925388262299597,,COMPLETE
2,2,31.7602798,2021-01-01 18:11:50.907717,2021-01-01 18:35:13.906635,0 days 00:23:22.998918,tanh,2.3553259560855523e-08,0.92,0.98,0.13197666540329056,0.00400670562252882,constant,0.5,8,medium,False,False,True,0.9777849072237275,,COMPLETE
3,3,26.162405999999997,2021-01-01 18:11:50.918475,2021-01-01 18:30:33.162306,0 days 00:18:42.243831,relu,0.0023397199421321133,0.8,0.9,-3.9162179413807787,0.005670418511845383,constant,1.0,16,small,False,False,True,0.9216811537546473,,COMPLETE
4,4,28.9367166,2021-01-01 18:25:57.904702,2021-01-01 18:40:51.340946,0 days 00:14:53.436244,relu,3.0216989072554622e-05,0.95,0.98,-0.2364186983487664,1.7760683064566494e-05,linear,2.0,64,medium,False,False,False,0.7066093251204404,,COMPLETE
5,5,31.5328716,2021-01-01 18:27:11.472821,2021-01-01 18:50:18.108722,0 days 00:23:06.635901,relu,0.0014963554803461997,0.98,0.995,-2.7387047010846075,0.15751988348901438,constant,5.0,8,medium,False,True,False,0.8344298480382063,,COMPLETE
6,6,29.6941396,2021-01-01 18:30:33.195035,2021-01-01 18:44:41.036941,0 days 00:14:07.841906,tanh,0.0003068015567569687,1.0,0.995,-3.9634542730703246,0.13359288413799597,constant,0.3,128,medium,False,True,True,0.39466648108643165,,COMPLETE
7,7,27.1309226,2021-01-01 18:35:13.939021,2021-01-01 18:57:17.299175,0 days 00:22:03.360154,relu,1.9271592189594283e-05,0.99,0.9999,-0.20308334964786212,0.012152723147560461,linear,2.0,8,medium,True,False,True,0.5260569913842515,,COMPLETE
8,8,31.250379,2021-01-01 18:40:51.375387,2021-01-01 18:58:18.248684,0 days 00:17:26.873297,relu,0.057682832930645134,0.9,0.999,0.31451808526595126,0.0007510559649972149,linear,2.0,16,medium,True,False,True,0.14483311477673944,,COMPLETE
9,9,25.4267434,2021-01-01 18:44:41.069021,2021-01-01 19:06:48.048098,0 days 00:22:06.979077,relu,8.5101624500415e-07,0.99,0.99,-0.5805378372173822,0.008372283219371853,constant,1.0,8,medium,True,False,True,0.6642208766814114,,COMPLETE
10,10,27.865308200000005,2021-01-01 18:50:18.142994,2021-01-01 19:03:51.380713,0 days 00:13:33.237719,relu,0.00011926322429739333,0.95,0.995,-0.10274890955709548,0.06467338053680763,linear,0.6,2048,medium,False,True,True,0.27632099260249865,,COMPLETE
11,11,-186.057455,2021-01-01 18:57:17.328860,2021-01-01 19:11:36.085564,0 days 00:14:18.756704,tanh,0.0031618540759782068,0.8,0.95,-0.14097707731195452,0.2543760654811527,linear,5.0,128,medium,True,True,True,0.7200940752721068,,COMPLETE
12,12,-29.755445999999996,2021-01-01 18:58:18.283567,2021-01-01 19:03:58.108957,0 days 00:05:39.825390,relu,4.9351463515736144e-05,0.8,0.9,0.9587865681507006,4.769771021313321e-05,constant,0.7,512,medium,True,True,True,0.6728930370198332,,PRUNED
13,13,31.201266800000003,2021-01-01 19:03:51.411733,2021-01-01 19:08:40.159078,0 days 00:04:48.747345,tanh,1.0904463812850342e-08,0.92,0.98,0.9261038170867852,0.00017700469337578087,constant,0.5,32,medium,False,False,True,0.7248907444174455,,PRUNED
14,14,,2021-01-01 19:03:58.121632,2021-01-01 19:10:56.683585,0 days 00:06:58.561953,tanh,2.3933807201213407e-08,0.92,0.98,-2.488016214348768,0.6055861308341942,constant,0.5,8,medium,False,True,False,0.9977814405706981,,PRUNED
15,15,23.5927124,2021-01-01 19:06:48.079630,2021-01-01 19:20:41.432484,0 days 00:13:53.352854,tanh,1.068091109232777e-08,0.92,0.98,-2.6894517983806483,0.4712578226601005,constant,0.5,256,medium,False,True,False,0.9902247095863472,,COMPLETE
16,16,32.6643868,2021-01-01 19:08:40.172153,2021-01-01 19:31:42.569148,0 days 00:23:02.396995,tanh,0.003557227611824633,0.98,0.98,-2.4858906193854278,0.5493362115787236,constant,5.0,8,medium,False,True,False,0.995185335699451,,COMPLETE
17,17,,2021-01-01 19:10:56.696046,2021-01-01 19:17:49.756919,0 days 00:06:53.060873,tanh,0.005847142946547792,0.98,0.995,-2.558322472040973,0.9863211750298542,constant,5.0,8,medium,False,True,False,0.8811698334618161,,PRUNED
18,18,-187.0808612,2021-01-01 19:11:36.114541,2021-01-01 19:24:40.235765,0 days 00:13:04.121224,tanh,1.0146911387444308e-06,0.98,0.995,-2.547448975231725,0.024921021454789097,constant,5.0,256,medium,False,True,False,0.8781652556070316,,PRUNED
19,19,29.044914800000004,2021-01-01 19:17:49.771779,2021-01-01 19:22:04.460068,0 days 00:04:14.688289,tanh,4.858587344700138e-07,0.98,0.98,-3.211214200716558,0.018009856134485476,constant,0.9,256,small,False,True,False,0.9940522314718913,,PRUNED
20,20,27.573103600000003,2021-01-01 19:20:41.466331,2021-01-01 19:43:05.525404,0 days 00:22:24.059073,tanh,1.6558762083738399e-06,0.98,0.995,-1.5941255563484333,0.015183949628875667,constant,0.8,8,small,False,True,False,0.8351280282578077,,COMPLETE
21,21,23.7247956,2021-01-01 19:22:04.473213,2021-01-01 19:32:05.961310,0 days 00:10:01.488097,tanh,2.9846003852915663e-06,0.98,0.995,-1.848486362494344,0.0016366136757631892,constant,0.8,8,medium,False,False,False,0.8804801760705001,,PRUNED
22,22,29.6738152,2021-01-01 19:24:40.250662,2021-01-01 19:31:17.426473,0 days 00:06:37.175811,relu,0.0007344333204674492,0.98,0.99,-1.7766776263542992,0.002379383678397739,constant,0.5,8,medium,False,False,False,0.8198073424224357,,PRUNED
23,23,28.607762400000002,2021-01-01 19:31:17.439923,2021-01-01 19:54:21.777068,0 days 00:23:04.337145,tanh,0.01915797431453329,0.92,0.999,-1.725926726431695,0.00026526333089136445,constant,0.8,8,medium,False,False,False,0.7863851884351618,,COMPLETE
24,24,,2021-01-01 19:31:42.602776,2021-01-01 19:38:14.017577,0 days 00:06:31.414801,tanh,0.027569705146573583,0.98,0.999,-1.6806683131994655,0.916933683866827,constant,0.8,8,medium,False,True,False,0.8022245284601492,,PRUNED
25,25,28.637639999999998,2021-01-01 19:32:05.974293,2021-01-01 19:55:12.655044,0 days 00:23:06.680751,tanh,0.017881847334355314,0.9,0.999,-3.2450969551195747,0.0003358625669141397,constant,5.0,8,medium,False,True,False,0.7921381160046024,,COMPLETE
26,26,35.556727,2021-01-01 19:38:14.028892,2021-01-01 19:54:03.321517,0 days 00:15:49.292625,tanh,0.006879049581033892,0.92,0.98,-3.135424104205826,0.00038047999027130867,constant,5.0,32,medium,False,True,False,0.9923878885791588,,COMPLETE
27,27,32.2097904,2021-01-01 19:43:05.554005,2021-01-01 19:59:25.340850,0 days 00:16:19.786845,tanh,0.013082237147632438,0.9,0.98,-3.3779711479004213,0.0004266840667547562,constant,5.0,32,medium,False,True,False,0.9976311407648172,,COMPLETE
28,28,30.538507999999997,2021-01-01 19:54:03.354039,2021-01-01 20:11:12.062218,0 days 00:17:08.708179,tanh,0.011073556307740472,0.92,0.98,-3.313420592926678,0.00031044701022984057,constant,5.0,32,medium,False,True,False,0.9748313663337365,,COMPLETE
29,29,29.294153800000004,2021-01-01 19:54:21.808712,2021-01-01 19:59:29.811517,0 days 00:05:08.002805,tanh,0.010742427005577924,0.92,0.98,-3.41463882450616,0.0002116307056729264,constant,5.0,32,medium,False,True,False,0.965925172924507,,PRUNED
30,30,30.0049264,2021-01-01 19:55:12.684541,2021-01-01 20:12:11.435775,0 days 00:16:58.751234,tanh,1.7766917396154385e-07,0.92,0.98,-3.450264867688828,4.132695505877018e-05,constant,5.0,32,medium,False,True,True,0.9669219965161899,,COMPLETE
31,31,22.4709778,2021-01-01 19:59:25.380185,2021-01-01 20:16:49.456460,0 days 00:17:24.076275,tanh,0.008503971336164167,0.9,0.98,-3.532595520837426,0.00011858816137401858,constant,5.0,32,medium,False,True,False,0.9399672357270621,,COMPLETE
32,32,-30.6224598,2021-01-01 19:59:29.826285,2021-01-01 20:04:37.547907,0 days 00:05:07.721622,tanh,0.06292193136317008,0.9,0.98,-3.6276401986871014,5.157543280865735e-05,constant,5.0,32,small,False,True,False,0.580999645046088,,PRUNED
33,33,27.7896254,2021-01-01 20:04:37.559977,2021-01-01 20:09:48.689989,0 days 00:05:11.130012,tanh,0.09741101382156157,0.9,0.9999,-2.148627359158819,0.0005821119993702985,constant,0.9,32,medium,False,True,False,0.9287939278228076,,PRUNED
34,34,34.542410600000004,2021-01-01 20:09:48.702313,2021-01-01 20:27:31.792964,0 days 00:17:43.090651,tanh,0.0006395229668592346,0.92,0.98,-3.073653156058729,9.683446797485876e-05,constant,5.0,32,medium,False,True,False,0.9883767685670769,,COMPLETE
35,35,-40.3622866,2021-01-01 20:11:12.094621,2021-01-01 20:15:41.749945,0 days 00:04:29.655324,tanh,0.0006237526277759415,1.0,0.98,-2.9369958448751867,8.670357276781786e-05,constant,0.3,1024,medium,False,True,False,0.9959567004286323,,PRUNED
36,36,-37.8276884,2021-01-01 20:12:11.467070,2021-01-01 20:16:40.949889,0 days 00:04:29.482819,tanh,0.0006335178795530615,1.0,0.98,-2.9837826319171246,0.00011387836339669399,constant,0.7,1024,medium,False,True,False,0.03203818920623652,,PRUNED
37,37,-43.994654999999995,2021-01-01 20:15:41.762037,2021-01-01 20:20:13.047201,0 days 00:04:31.285164,tanh,0.0021568141476898213,0.9,0.98,-1.1739521074691088,1.0287457580475648e-05,constant,0.7,512,small,False,False,False,0.9183402875181974,,PRUNED
38,38,31.3329386,2021-01-01 20:16:40.964262,2021-01-01 20:33:06.729684,0 days 00:16:25.765422,tanh,0.004024059718739005,0.9,0.95,-1.146581242314018,1.0264165296070167e-05,constant,0.6,64,small,False,False,False,0.9152871580318298,,COMPLETE
39,39,30.970530000000004,2021-01-01 20:16:49.489276,2021-01-01 20:33:05.183231,0 days 00:16:15.693955,tanh,0.002935079396955457,0.92,0.95,-1.043570092468493,1.0023773089272485e-05,constant,1.0,64,small,False,False,True,0.9115009510911861,,COMPLETE
40,40,-187.40475800000002,2021-01-01 20:20:13.063430,2021-01-01 20:25:00.979591,0 days 00:04:47.916161,tanh,8.153464133171244e-06,0.95,0.95,-3.826305447696494,0.0030269621864159567,constant,0.6,64,medium,False,False,True,0.8897127437247823,,PRUNED
41,41,26.4728328,2021-01-01 20:25:00.990988,2021-01-01 20:39:48.096287,0 days 00:14:47.105299,tanh,0.0001820833936281975,0.92,0.9,-2.273757125875238,0.0010231645122245683,linear,1.0,2048,medium,False,False,True,0.7556799751223723,,COMPLETE
42,42,-40.6910664,2021-01-01 20:27:31.822848,2021-01-01 20:32:06.440520,0 days 00:04:34.617672,tanh,0.0001387624604952474,0.92,0.9,-2.117096800883667,2.103042434692524e-05,linear,5.0,2048,medium,False,True,False,0.3645727202488822,,PRUNED
43,43,30.777443600000005,2021-01-01 20:32:06.453684,2021-01-01 20:48:55.908527,0 days 00:16:49.454843,tanh,0.003937483566615977,0.99,0.98,-2.9940508615852455,0.0008779306854889695,constant,1.0,32,medium,False,True,False,0.748733553657984,,COMPLETE
44,44,31.871786399999998,2021-01-01 20:33:05.216856,2021-01-01 20:52:22.675071,0 days 00:19:17.458215,tanh,0.0011671548231750525,0.99,0.98,-2.932824073646186,0.0009145241660102683,constant,5.0,16,medium,False,True,False,0.8475360519196791,,COMPLETE
45,45,28.7336012,2021-01-01 20:33:06.763216,2021-01-01 20:52:25.971400,0 days 00:19:19.208184,tanh,0.0012643125372858435,0.92,0.98,-2.9534295171964113,0.0008586855930201737,constant,5.0,16,medium,False,True,False,0.9978841956686058,,COMPLETE
46,46,34.4962318,2021-01-01 20:39:48.194479,2021-01-01 20:56:19.756166,0 days 00:16:31.561687,tanh,0.0013229271759208371,0.99,0.98,-2.9965551239124752,0.005211443634177518,constant,5.0,32,medium,True,True,False,0.8485721414837978,,COMPLETE
47,47,29.148834600000004,2021-01-01 20:48:55.940108,2021-01-01 21:07:55.822252,0 days 00:18:59.882144,tanh,0.03024496536374849,0.92,0.98,-3.9383893167187525,0.004084808706034889,constant,5.0,16,medium,True,True,False,0.9949887875333308,,COMPLETE
48,48,32.6019518,2021-01-01 20:52:22.705587,2021-01-01 21:11:28.015379,0 days 00:19:05.309792,tanh,0.0013718036158092636,0.99,0.98,-3.740233806524894,0.0004142607186718577,constant,5.0,16,medium,True,True,False,0.6074596775093786,,COMPLETE
49,49,30.012802399999998,2021-01-01 20:52:26.000463,2021-01-01 21:11:35.474375,0 days 00:19:09.473912,tanh,0.03399725765003838,0.99,0.9999,-3.7563294007002552,0.00047222298949480435,constant,5.0,16,medium,True,True,False,0.8419509985474035,,COMPLETE
50,50,27.446790800000002,2021-01-01 20:56:19.789963,2021-01-01 21:12:46.500214,0 days 00:16:26.710251,tanh,0.0416780514596217,0.99,0.9999,-3.7628030238372636,0.00047750523926132893,constant,5.0,32,medium,True,True,False,0.5849577977373414,,COMPLETE
51,51,23.1712034,2021-01-01 21:07:55.854048,2021-01-01 21:25:04.704346,0 days 00:17:08.850298,tanh,0.0003513410329808816,0.99,0.9999,-2.32962521610006,0.0005229253482323363,constant,5.0,32,medium,True,True,False,0.9526369909769599,,COMPLETE
52,52,31.492363599999997,2021-01-01 21:11:28.047479,2021-01-01 21:31:47.371032,0 days 00:20:19.323553,tanh,0.0003634559912959641,0.99,0.9999,-3.748503736691439,0.0017071725617970545,constant,2.0,16,medium,True,True,False,0.63384703452564,,COMPLETE
53,53,38.8384826,2021-01-01 21:11:35.508080,2021-01-01 21:26:42.982592,0 days 00:15:07.474512,relu,0.0003267554953452197,0.99,0.99,-2.371784242113425,0.04431858242663611,linear,2.0,128,medium,True,True,False,0.5666265996180662,,COMPLETE
54,54,24.555275,2021-01-01 21:12:46.534809,2021-01-01 21:27:57.104847,0 days 00:15:10.570038,tanh,6.429521647571486e-05,0.99,0.98,-3.2213559141505423,0.04171396940451462,constant,2.0,128,medium,True,True,False,0.4207582036885542,,COMPLETE
55,55,32.208715600000005,2021-01-01 21:25:04.736575,2021-01-01 21:40:51.639780,0 days 00:15:46.903205,tanh,6.657243680537435e-05,0.99,0.98,-3.1902837556601695,0.0018225595081546768,constant,2.0,128,medium,True,True,False,0.4830552122698701,,COMPLETE
56,56,34.5281958,2021-01-01 21:26:43.015836,2021-01-01 21:42:07.515647,0 days 00:15:24.499811,relu,0.000366392923884007,0.99,0.99,-3.1743985615609613,0.034897940814636465,linear,2.0,128,medium,True,True,False,0.46053116398727784,,COMPLETE
57,57,32.857959799999996,2021-01-01 21:27:57.137529,2021-01-01 21:42:47.495738,0 days 00:14:50.358209,relu,0.00030621689072994883,0.99,0.99,-2.606412629419104,0.007651802237148135,linear,2.0,128,medium,True,True,False,0.5039987145890372,,COMPLETE
58,58,30.328741200000003,2021-01-01 21:31:47.404553,2021-01-01 21:36:35.428833,0 days 00:04:48.024280,relu,0.0012228464903872322,0.8,0.99,-2.720233831405444,0.09932453731820494,linear,2.0,128,medium,True,True,False,0.45503477807768095,,PRUNED
59,59,32.215271,2021-01-01 21:36:35.443065,2021-01-01 21:44:57.686407,0 days 00:08:22.243342,relu,0.00023026351980737106,0.99,0.99,-2.026412237987625,0.007446522138811935,linear,0.3,128,medium,True,True,False,0.5351793165839986,,COMPLETE
60,60,-854.4036991999999,2021-01-18 21:52:35.706595,2021-01-18 22:00:48.400570,0 days 00:08:12.693975,relu,7.443102552606216e-06,0.98,0.9,-3.1069304278973,3.3688515759883505e-05,constant,0.3,2048,small,True,True,True,0.0,,PRUNED
61,61,-860.7314342,2021-01-18 21:52:35.730252,2021-01-18 22:00:48.867965,0 days 00:08:13.137713,relu,1.0000000002146319e-08,0.92,0.995,0.999999999784281,1e-05,constant,0.3,2048,small,True,True,False,0.5223236492158736,,PRUNED
62,62,45.764146,2021-01-18 21:52:35.746051,2021-01-18 22:18:30.753128,0 days 00:25:55.007077,relu,9.814958594505634e-08,0.8,0.9,-3.3779828307974067,0.030987947696237944,constant,0.3,2048,medium,True,True,False,0.7490912894847505,,COMPLETE
63,63,41.764269,2021-01-18 21:52:35.758409,2021-01-18 22:18:14.383368,0 days 00:25:38.624959,relu,5.122813936556941e-07,0.92,0.9,-2.762495379718639,0.7718744602655395,constant,0.3,2048,small,True,True,False,0.0936895378436127,,COMPLETE
64,64,-861.4897272000001,2021-01-18 22:00:48.437622,2021-01-18 22:08:26.763311,0 days 00:07:38.325689,relu,1e-08,0.92,0.9,-4.0,1e-05,constant,0.9,2048,small,True,True,True,0.20422113635043304,,PRUNED
65,65,-4243.4083246,2021-01-18 22:00:48.898938,2021-01-18 22:37:06.903925,0 days 00:36:18.004987,relu,2.0788545815651812e-07,1.0,0.9,-4.0,0.19583954009468255,linear,5.0,8,small,True,True,False,0.9999999999999999,,COMPLETE
66,66,-785.2064048,2021-01-18 22:08:26.815769,2021-01-18 22:16:04.288538,0 days 00:07:37.472769,relu,0.09999999999456513,0.98,0.9,0.9999999998543849,0.0002740941167964011,constant,0.3,2048,small,True,True,True,2.413718807349833e-11,,PRUNED
67,67,43.669702400000006,2021-01-18 22:16:04.321198,2021-01-18 22:48:33.158217,0 days 00:32:28.837019,relu,1.2269599269827416e-08,0.98,0.9,-0.9996033930525647,0.00017048225406723162,linear,0.6,8,medium,True,True,True,0.9999999999999999,,COMPLETE
68,68,-573.6819297999999,2021-01-18 22:18:14.454179,2021-01-18 22:25:20.967952,0 days 00:07:06.513773,relu,1.0041861984034669e-08,1.0,0.9999,-3.9854048493095178,1e-05,linear,1.0,2048,medium,False,False,True,0.9998543504354022,,PRUNED
69,69,-862.0788001999999,2021-01-18 22:18:30.844094,2021-01-18 22:25:39.670095,0 days 00:07:08.826001,relu,1e-08,0.99,0.9,-3.732842308292118,1e-05,constant,0.8,2048,medium,False,True,False,0.7388699253043666,,PRUNED
70,70,-857.4094364,2021-01-18 22:25:21.000961,2021-01-18 22:32:30.058342,0 days 00:07:09.057381,relu,1e-08,0.8,0.9,0.37898009597865734,1e-05,constant,0.7,2048,medium,False,True,True,0.18190948812514096,,PRUNED
71,71,-858.4150984,2021-01-18 22:25:39.702691,2021-01-18 22:32:40.992156,0 days 00:07:01.289465,relu,1e-08,0.8,0.9,-4.0,1e-05,constant,0.3,2048,medium,True,True,True,0.9999999999999999,,PRUNED
72,72,-715.0334081999999,2021-01-18 22:32:30.071525,2021-01-18 22:39:42.789784,0 days 00:07:12.718259,relu,1e-08,0.92,0.9,0.7252164137272752,0.00047819162445237803,constant,0.3,2048,medium,True,True,True,0.9211474759763285,,PRUNED
73,73,-785.969509,2021-01-18 22:32:41.024928,2021-01-18 22:39:46.391621,0 days 00:07:05.366693,relu,1e-08,0.95,0.9,0.5827212107923163,0.0021129134675423843,constant,0.5,2048,small,True,True,False,0.9999999999999999,,PRUNED
74,74,-797.7591246000001,2021-01-18 22:37:06.977355,2021-01-18 22:44:24.355690,0 days 00:07:17.378335,relu,0.09999999999999999,1.0,0.9,-4.0,1e-05,constant,0.3,32,medium,True,True,True,0.9531523596571082,,PRUNED
75,75,40.2262742,2021-01-18 22:39:42.809954,2021-01-18 23:10:25.645475,0 days 00:30:42.835521,relu,0.09999999999999999,0.95,0.9999,-3.9999907612890535,0.6074504336402436,linear,0.3,8,small,False,False,True,0.0015715857174725283,,COMPLETE
76,76,,2021-01-18 22:39:46.402201,2021-01-18 22:48:34.294810,0 days 00:08:47.892609,relu,0.09261941850897577,1.0,0.9999,0.7554023419169669,0.9999999999999999,linear,5.0,8,small,False,False,True,0.0471009402862276,,PRUNED
77,77,50.1409448,2021-01-18 22:44:24.396631,2021-01-18 23:15:58.093941,0 days 00:31:33.697310,tanh,0.09999999999999999,0.8,0.9999,0.9999999999999999,1e-05,constant,0.3,8,small,False,False,True,0.9999999999999999,,COMPLETE
78,78,47.73323559999999,2021-01-18 22:48:33.192253,2021-01-18 23:19:57.552541,0 days 00:31:24.360288,relu,0.09999999991705867,1.0,0.9999,0.9999999999999999,0.023909228532598983,linear,0.6,8,small,False,False,True,0.0,,COMPLETE
79,79,-796.6945174,2021-01-18 22:48:34.306056,2021-01-18 22:55:48.263812,0 days 00:07:13.957756,relu,0.09999999999999999,1.0,0.9,-4.0,1e-05,constant,0.3,32,medium,True,True,True,0.9819342037223092,,PRUNED
80,80,48.511473800000005,2021-01-18 22:55:48.282642,2021-01-18 23:18:11.220258,0 days 00:22:22.937616,relu,0.099999999866729,0.8,0.9999,-3.999999997819337,0.9999999960362791,linear,5.0,2048,small,False,False,True,0.9999999996178953,,COMPLETE
81,81,-863.6538152,2021-01-18 23:10:25.739595,2021-01-18 23:17:36.951852,0 days 00:07:11.212257,relu,0.09999835049871895,1.0,0.9999,-4.0,1.000055150647088e-05,constant,5.0,512,small,False,True,True,0.9999895946574029,,PRUNED
82,82,-311.7083012,2021-01-18 23:15:58.227099,2021-01-18 23:26:05.362022,0 days 00:10:07.134923,relu,0.09999999999999999,1.0,0.9,-4.0,1e-05,constant,0.3,8,medium,True,True,True,0.9999999999999999,,PRUNED
83,83,-1035.7359536,2021-01-18 23:17:36.996983,2021-01-18 23:24:30.831288,0 days 00:06:53.834305,relu,1.0013944514342298e-08,0.8,0.9,0.9999406283050511,1.0004720661553114e-05,linear,5.0,2048,small,True,False,False,0.999972051012666,,PRUNED
84,84,-297.86072279999996,2021-01-18 23:18:11.305619,2021-01-18 23:28:26.265169,0 days 00:10:14.959550,relu,0.09999999999999999,1.0,0.9,-4.0,1e-05,constant,0.3,8,medium,True,True,True,0.9999999999999999,,PRUNED
85,85,-703.4291593999999,2021-01-18 23:19:57.662265,2021-01-18 23:27:03.112121,0 days 00:07:05.449856,relu,0.024587938892333797,1.0,0.999,0.9999999999999999,1e-05,linear,5.0,2048,small,False,False,True,0.9999999999999999,,PRUNED
86,86,-860.8817188,2021-01-18 23:24:30.859817,2021-01-18 23:32:18.393308,0 days 00:07:47.533491,relu,0.09999999999999999,1.0,0.9999,0.9999999999999999,1e-05,linear,5.0,2048,small,False,False,True,0.9999999999999999,,PRUNED
87,87,47.1902218,2021-01-18 23:26:05.386962,2021-01-18 23:52:45.957505,0 days 00:26:40.570543,relu,0.09999999999999999,0.98,0.9999,0.9999999999999999,0.019779997795288173,linear,5.0,2048,small,False,False,True,0.9999999999999999,,COMPLETE
88,88,-1186.009804,2021-01-18 23:27:03.130462,2021-01-18 23:35:04.753597,0 days 00:08:01.623135,relu,0.023858795506711338,1.0,0.999,0.9999999999999999,1e-05,linear,5.0,2048,small,False,False,True,0.9999999999999999,,PRUNED
89,89,-627.3201793999999,2021-01-18 23:28:26.292507,2021-01-18 23:36:32.743681,0 days 00:08:06.451174,relu,0.09999999999999999,1.0,0.9999,0.9999999999999999,1e-05,linear,5.0,2048,small,False,False,True,0.9999999999999999,,PRUNED
90,90,-925.119649,2021-01-18 23:32:18.408491,2021-01-18 23:40:22.833944,0 days 00:08:04.425453,relu,0.09999999999999999,1.0,0.9999,0.9999999999999999,1e-05,linear,5.0,2048,small,False,False,True,0.9999999999999999,,PRUNED
91,91,43.0907244,2021-01-18 23:35:04.789806,2021-01-19 00:00:57.106648,0 days 00:25:52.316842,relu,0.09999999999999999,0.98,0.9999,0.9999999999999999,0.01977978203405328,linear,5.0,2048,small,False,False,True,0.9999999999999999,,COMPLETE
92,92,-335.1744694,2021-01-18 23:36:32.785067,2021-01-18 23:44:42.036809,0 days 00:08:09.251742,relu,0.09999999999999999,1.0,0.9999,0.9999999999999999,1e-05,linear,5.0,2048,small,False,False,True,0.9999999999999999,,PRUNED
93,93,-1290.5523552000002,2021-01-18 23:40:22.845598,2021-01-18 23:48:32.745646,0 days 00:08:09.900048,relu,0.09999999999999999,1.0,0.9999,0.9999999999999999,1e-05,linear,5.0,2048,small,False,False,True,0.9999999999999999,,PRUNED
94,94,-533.5009815999999,2021-01-18 23:44:42.088662,2021-01-18 23:52:49.874968,0 days 00:08:07.786306,relu,0.09999999999999999,1.0,0.9999,0.9999999999999999,1e-05,linear,5.0,2048,small,False,False,True,0.9999999999999999,,PRUNED
95,95,43.5745026,2021-01-18 23:48:32.761174,2021-01-19 00:11:52.560242,0 days 00:23:19.799068,relu,0.09999999999999999,0.98,0.9999,0.9999999999999999,0.019776357406744712,linear,5.0,2048,small,False,False,True,0.9999999999999999,,COMPLETE
96,96,,2021-01-18 23:52:46.057975,2021-01-19 00:23:17.915184,0 days 00:30:31.857209,relu,0.09999999999999999,0.8,0.9999,0.9999999999999999,0.9999999999999999,linear,5.0,8,small,False,False,True,0.44588379522306504,"Trial 96 failed, because the objective function returned nan.",FAIL
97,97,48.5592162,2021-01-18 23:52:49.896969,2021-01-19 00:23:21.680810,0 days 00:30:31.783841,relu,1.0001537717858402e-08,0.8,0.9,0.9999999999999999,1.0000688278475752e-05,linear,5.0,8,small,True,False,True,0.0,,COMPLETE
98,98,,2021-01-19 00:00:57.184374,2021-01-19 00:10:24.827917,0 days 00:09:27.643543,relu,0.09999999999999999,0.8,0.9999,0.9999999999999999,0.9999999999999999,linear,5.0,8,small,False,False,True,0.0,,PRUNED
99,99,46.9289168,2021-01-19 00:10:24.840254,2021-01-19 00:39:21.374367,0 days 00:28:56.534113,relu,1.0002051241391961e-08,0.8,0.9,0.9999999999999999,1.0003632412802738e-05,linear,5.0,8,small,True,False,False,0.0,,COMPLETE
100,100,,2021-01-19 00:11:52.593567,2021-01-19 00:20:22.838522,0 days 00:08:30.244955,relu,0.09999999999999999,0.8,0.9999,0.9999999999999999,0.9999999999999999,linear,5.0,8,small,False,False,True,0.0,,PRUNED
101,101,,2021-01-19 00:20:22.855841,2021-01-19 00:28:51.269792,0 days 00:08:28.413951,relu,0.09999999999999999,0.8,0.9999,0.9999999999999999,0.9999999999999999,linear,5.0,8,small,False,False,True,0.0,,PRUNED
102,102,-726.1886128,2021-01-19 00:23:17.931151,2021-01-19 00:31:52.998109,0 days 00:08:35.066958,relu,0.0999952475172163,0.8,0.9999,-1.607285534529027,1.000156137560511e-05,constant,5.0,8,small,False,True,True,0.99997059301758,,PRUNED
103,103,-634.5403852000001,2021-01-19 00:23:21.772782,2021-01-19 00:31:55.218626,0 days 00:08:33.445844,relu,0.09999724961813714,0.8,0.9999,0.9999727622669896,1.0000921204723718e-05,constant,5.0,8,small,False,True,True,0.0,,PRUNED
104,104,-648.074092,2021-01-19 00:28:51.286052,2021-01-19 00:37:18.999199,0 days 00:08:27.713147,relu,0.09999725354794176,0.8,0.9999,0.9999727978774402,1.0000920132809343e-05,constant,5.0,8,small,False,True,True,0.0,,PRUNED
105,105,-677.9634186000001,2021-01-19 00:31:53.010060,2021-01-19 00:40:21.261135,0 days 00:08:28.251075,relu,0.09999961908721644,0.8,0.9999,0.9999962066267436,1.0000127551191134e-05,constant,5.0,8,small,False,True,True,0.999997510880129,,PRUNED
106,106,-257.73831379999996,2021-01-19 00:31:55.247040,2021-01-19 00:40:32.722021,0 days 00:08:37.474981,relu,0.09999999999999999,1.0,0.9,-4.0,1e-05,constant,0.3,8,medium,True,True,True,0.9999999999999999,,PRUNED
107,107,-284.9604364,2021-01-19 00:37:19.014794,2021-01-19 00:46:22.552370,0 days 00:09:03.537576,relu,0.09999999999999999,1.0,0.9,-4.0,1e-05,constant,0.3,8,medium,True,True,True,0.9999999999999999,,PRUNED
108,108,-273.2808102,2021-01-19 00:39:21.449960,2021-01-19 00:48:32.635777,0 days 00:09:11.185817,relu,0.09999999999999999,1.0,0.9,-4.0,1e-05,constant,0.3,8,medium,True,True,True,0.9999999999999999,,PRUNED
109,109,-854.1869623999999,2021-01-19 00:40:21.289087,2021-01-19 00:47:23.911713,0 days 00:07:02.622626,relu,0.09999744634645648,0.8,0.9999,-3.2376628508726535,1.0000861899851048e-05,constant,5.0,32,small,False,True,True,0.9999837256433798,,PRUNED
110,110,-648.5771569999999,2021-01-19 00:40:32.748207,2021-01-19 00:49:37.574275,0 days 00:09:04.826068,relu,0.09999850347413167,1.0,0.9999,0.99998507609242,1.0000503228193737e-05,constant,5.0,8,small,False,True,True,0.0,,PRUNED
111,111,44.408270800000004,2021-01-19 00:46:22.567717,2021-01-19 01:15:24.703721,0 days 00:29:02.136004,tanh,0.09999999999999999,0.8,0.9999,0.9999999999999999,1e-05,constant,0.3,8,small,False,False,True,0.9999999999999999,,COMPLETE
112,112,-651.7578087999999,2021-01-19 00:47:23.927562,2021-01-19 00:56:04.682393,0 days 00:08:40.754831,relu,0.0999996074254162,1.0,0.9,0.9999960838223751,1.0000132056812726e-05,constant,5.0,8,small,False,True,True,0.999997508206012,,PRUNED
113,113,-697.628515,2021-01-19 00:48:32.651540,2021-01-19 00:57:12.713301,0 days 00:08:40.061761,relu,0.09999999999999999,1.0,0.9999,0.9999999999999999,1e-05,constant,5.0,8,small,False,True,True,0.9999999999999999,,PRUNED
114,114,-663.7142688,2021-01-19 00:49:37.584949,2021-01-19 00:58:15.853568,0 days 00:08:38.268619,relu,0.09999938759000948,0.8,0.9999,0.9999921996214027,1.0000265126572317e-05,constant,5.0,8,small,True,True,True,0.99837262694019,,PRUNED
115,115,-636.3969728,2021-01-19 00:56:04.716766,2021-01-19 01:05:00.897070,0 days 00:08:56.180304,relu,0.09999847937104911,0.8,0.9999,0.999984848287216,1.0000510847204493e-05,constant,5.0,8,small,False,True,True,0.22897801976820534,,PRUNED
116,116,-213.49724759999998,2021-01-19 00:57:12.745812,2021-01-19 01:06:17.865121,0 days 00:09:05.119309,relu,0.09999999999999999,0.99,0.9,-2.5260709947033693,1e-05,constant,0.3,8,medium,True,True,True,0.9999999999999999,,PRUNED
117,117,-860.3065592,2021-01-19 00:58:15.878664,2021-01-19 01:05:09.425846,0 days 00:06:53.547182,relu,0.09999999999999999,1.0,0.9999,-4.0,1e-05,constant,5.0,32,small,False,True,True,0.9999720133815466,,PRUNED
118,118,-290.7802124,2021-01-19 01:05:00.922208,2021-01-19 01:13:34.177290,0 days 00:08:33.255082,relu,0.09999999999999999,1.0,0.9,-4.0,1e-05,constant,0.3,8,medium,True,True,True,0.9999999999999999,,PRUNED
119,119,-275.2082034,2021-01-19 01:05:09.453810,2021-01-19 01:13:46.895126,0 days 00:08:37.441316,relu,0.09999999999999999,1.0,0.9,-4.0,1e-05,constant,0.3,8,medium,True,True,True,0.9999999999999999,,PRUNED
120,120,-270.49961479999996,2021-01-19 01:06:17.880338,2021-01-19 01:15:01.388277,0 days 00:08:43.507939,relu,0.09999999999999999,1.0,0.9,-4.0,1e-05,constant,0.3,8,medium,True,True,True,0.9999999999999999,,PRUNED
121,121,-672.4595145999999,2021-01-19 01:13:34.203996,2021-01-19 01:19:59.907148,0 days 00:06:25.703152,relu,1.2934714033948174e-05,0.8,0.98,-4.0,0.0005146964746638752,constant,0.8,2048,small,True,True,True,0.25405253810784295,,PRUNED
122,122,48.568073,2021-01-19 01:13:46.922331,2021-01-19 01:44:53.205964,0 days 00:31:06.283633,tanh,0.09999999999999999,0.8,0.9999,0.9999999999999999,1e-05,constant,0.3,8,small,False,False,True,0.9999999999999999,,COMPLETE
123,123,-669.824269,2021-01-19 01:15:01.421231,2021-01-19 01:24:18.314093,0 days 00:09:16.892862,relu,1e-08,0.8,0.9999,0.9999843626014799,1.0000527166751728e-05,constant,5.0,8,small,False,True,True,0.9999900567856472,,PRUNED
124,124,-373.7847528,2021-01-19 01:15:24.789850,2021-01-19 01:24:57.468273,0 days 00:09:32.678423,relu,0.09999999999999999,1.0,0.9,-4.0,1e-05,constant,0.3,8,medium,True,True,True,0.9999999999999999,,PRUNED
125,125,42.206235199999995,2021-01-19 01:19:59.935408,2021-01-19 01:41:34.181043,0 days 00:21:34.245635,relu,0.01367298841754976,0.9,0.9,-0.9837332927998923,0.007928712789775756,constant,0.5,2048,small,True,True,True,0.0,,COMPLETE
126,126,-338.9917774,2021-01-19 01:24:18.342844,2021-01-19 01:33:52.035845,0 days 00:09:33.693001,relu,0.09999999999999999,1.0,0.9,-4.0,1e-05,constant,0.3,8,medium,True,True,True,0.9999999999999999,,PRUNED
127,127,-855.8767624,2021-01-19 01:24:57.527687,2021-01-19 01:34:26.079500,0 days 00:09:28.551813,relu,1e-08,0.8,0.9999,-4.0,1.0000832796584634e-05,constant,5.0,8,small,False,True,True,0.9999843070203667,,PRUNED
128,128,-296.91869280000003,2021-01-19 01:33:52.051885,2021-01-19 01:43:28.241230,0 days 00:09:36.189345,relu,0.09999999999999999,1.0,0.9,-4.0,1e-05,constant,0.3,8,medium,True,True,True,0.9999999999999999,,PRUNED
129,129,-308.5495906,2021-01-19 01:34:26.106724,2021-01-19 01:44:05.550581,0 days 00:09:39.443857,relu,0.09999999999999999,1.0,0.9,-4.0,1e-05,constant,0.3,8,medium,True,True,True,0.9999999999999999,,PRUNED
130,130,-858.1613116000001,2021-01-19 01:41:34.222795,2021-01-19 01:48:30.356750,0 days 00:06:56.133955,relu,0.0015305192622714272,0.8,0.98,-2.8734585346276127,1e-05,constant,0.3,2048,small,True,True,True,0.13839036780777825,,PRUNED
131,131,-859.9615891999999,2021-01-19 01:43:28.266437,2021-01-19 01:50:13.587504,0 days 00:06:45.321067,relu,0.09999999999999999,0.8,0.98,0.9999999999999999,1e-05,constant,0.9,2048,small,True,True,True,0.0,,PRUNED
132,132,-376.3439132,2021-01-19 01:44:05.576626,2021-01-19 01:53:37.057025,0 days 00:09:31.480399,relu,0.09999999999999999,1.0,0.9,-4.0,1e-05,constant,0.3,8,medium,True,True,True,0.9999999999999999,,PRUNED
133,133,-680.8257436,2021-01-19 01:44:53.263586,2021-01-19 01:54:10.406286,0 days 00:09:17.142700,relu,1.0005727007899804e-08,0.8,0.9999,0.9999999999999999,1e-05,constant,0.3,8,small,False,True,True,0.9999671673790612,,PRUNED
134,134,-287.38472920000004,2021-01-19 01:48:30.388114,2021-01-19 01:57:10.845174,0 days 00:08:40.457060,relu,0.09999999999999999,1.0,0.9,-4.0,1e-05,constant,0.3,8,medium,True,True,True,0.9999999999999999,,PRUNED
135,135,-747.6818959999999,2021-01-19 01:50:13.611881,2021-01-19 01:58:37.063832,0 days 00:08:23.451951,relu,1.0005616880630701e-08,1.0,0.9999,-3.999898070510281,1e-05,constant,5.0,8,small,True,True,True,0.9999671444485904,,PRUNED
136,136,-818.135726,2021-01-19 01:53:37.081831,2021-01-19 02:02:26.567676,0 days 00:08:49.485845,relu,0.09999999999999999,0.8,0.9999,-2.531727322219151,1e-05,constant,5.0,8,small,False,True,False,0.9999853237183595,,PRUNED
137,137,-307.90351840000005,2021-01-19 01:54:10.425093,2021-01-19 02:02:45.593091,0 days 00:08:35.167998,relu,0.09999999999999999,1.0,0.9,-4.0,1e-05,constant,0.3,8,medium,True,True,True,0.9999999999999999,,PRUNED
138,138,-563.268511,2021-01-19 01:57:10.859603,2021-01-19 02:06:20.918218,0 days 00:09:10.058615,relu,0.09999999999999999,0.8,0.9999,-0.16157614192433423,1e-05,constant,5.0,8,small,False,True,False,0.9999671674400471,,PRUNED
139,139,-245.47013040000002,2021-01-19 01:58:37.088277,2021-01-19 02:07:40.311963,0 days 00:09:03.223686,relu,0.09999999999999999,1.0,0.9,-4.0,1e-05,constant,0.3,8,medium,True,True,True,0.9999999999999999,,PRUNED
140,140,-859.9210138000001,2021-01-19 02:02:26.592714,2021-01-19 02:08:55.595360,0 days 00:06:29.002646,relu,0.09999999999999999,0.8,0.98,0.9999999999999999,1e-05,constant,0.9,2048,small,True,True,True,0.0,,PRUNED
141,141,-675.3530008,2021-01-19 02:02:45.617947,2021-01-19 02:12:09.036809,0 days 00:09:23.418862,relu,1.000211168363857e-08,1.0,0.9999,0.9999999999999999,1e-05,constant,0.9,8,small,False,True,True,0.9999853560062695,,PRUNED
142,142,-309.340351,2021-01-19 02:06:20.944594,2021-01-19 02:15:47.220724,0 days 00:09:26.276130,relu,0.09999999999999999,1.0,0.9,-4.0,1e-05,constant,0.3,8,medium,True,True,True,0.9999999999999999,,PRUNED
143,143,-859.7901568000001,2021-01-19 02:07:40.327785,2021-01-19 02:14:16.638959,0 days 00:06:36.311174,relu,0.09999999999999999,0.9,0.95,0.9989244791318361,1e-05,constant,0.8,2048,small,True,True,True,0.0,,PRUNED
144,144,-410.97101520000007,2021-01-19 02:08:55.632992,2021-01-19 02:18:20.715372,0 days 00:09:25.082380,relu,0.09999999999999999,1.0,0.9,-4.0,1e-05,constant,0.3,8,medium,True,True,True,0.9999999999999999,,PRUNED
145,145,-290.70580900000004,2021-01-19 02:12:09.078448,2021-01-19 02:21:30.454302,0 days 00:09:21.375854,relu,0.09999999999999999,1.0,0.9,-4.0,1e-05,constant,0.3,8,medium,True,True,True,0.9999999999999999,,PRUNED
146,146,-845.7875538000001,2021-01-19 02:14:16.661167,2021-01-19 02:23:42.679692,0 days 00:09:26.018525,relu,0.09999999999999999,1.0,0.9,-4.0,1e-05,constant,0.3,8,medium,False,True,True,0.9862279385043308,,PRUNED
147,147,-855.8835206000001,2021-01-19 02:15:47.251264,2021-01-19 02:22:25.284643,0 days 00:06:38.033379,relu,0.09999999999999999,0.8,0.98,0.9999999999999999,2.9758744331597706e-05,constant,0.9,2048,small,True,True,True,0.1644773366818539,,PRUNED
148,148,-857.124158,2021-01-19 02:18:20.735457,2021-01-19 02:28:13.092952,0 days 00:09:52.357495,relu,1.000561705423034e-08,1.0,0.9999,-3.999898091315614,1e-05,constant,0.9,8,small,False,True,True,0.0,,PRUNED
149,149,-861.1482424,2021-01-19 02:21:30.480869,2021-01-19 02:28:21.143126,0 days 00:06:50.662257,relu,0.09999999999999999,0.8,0.95,0.9999999999999999,1e-05,constant,0.3,2048,small,True,True,True,0.0,,PRUNED
150,150,-363.6495174,2021-01-19 02:22:25.317274,2021-01-19 02:32:19.068101,0 days 00:09:53.750827,relu,0.09999999999999999,1.0,0.9,-4.0,1e-05,constant,0.3,8,medium,True,True,True,0.9999999999999999,,PRUNED
151,151,-857.1577234,2021-01-19 02:23:42.716001,2021-01-19 02:30:33.210586,0 days 00:06:50.494585,relu,0.09999999999999999,0.8,0.9,0.4714908726044982,1e-05,constant,0.3,2048,small,True,True,True,0.0,,PRUNED
152,152,-356.5724716,2021-01-19 02:28:13.108585,2021-01-19 02:37:44.363856,0 days 00:09:31.255271,relu,0.09999999999999999,1.0,0.9,-4.0,1e-05,constant,0.3,8,medium,True,True,True,0.9999999999999999,,PRUNED
153,153,-643.3173482,2021-01-19 02:28:21.178944,2021-01-19 02:37:48.407878,0 days 00:09:27.228934,relu,1.0005728550568835e-08,1.0,0.9999,0.9999999999999999,1e-05,constant,5.0,8,small,False,True,True,0.9999670730619884,,PRUNED
154,154,-859.8919470000001,2021-01-19 02:30:33.254253,2021-01-19 02:37:01.169542,0 days 00:06:27.915289,relu,0.09999999999999999,0.9,0.95,-1.557476868842373,1e-05,constant,0.8,2048,small,True,True,True,0.0,,PRUNED
155,155,-257.4452768,2021-01-19 02:32:19.093730,2021-01-19 02:42:13.135466,0 days 00:09:54.041736,relu,0.09999999999999999,1.0,0.9,-4.0,1e-05,constant,0.3,8,medium,True,True,True,0.9999999999999999,,PRUNED
156,156,146.329218,2021-01-19 02:37:01.195825,2021-01-19 03:01:36.526788,0 days 00:24:35.330963,relu,0.0025940021729292037,0.8,0.98,-2.6585683903520705,0.0018143763357994034,constant,0.9,2048,small,True,True,True,0.14133252423032097,,COMPLETE
157,157,-853.1472885999999,2021-01-19 02:37:44.406009,2021-01-19 02:48:00.310168,0 days 00:10:15.904159,relu,3.7341092421500005e-08,1.0,0.9999,-3.9998980412749114,1e-05,constant,0.3,8,small,False,True,True,0.9999672298937188,,PRUNED
158,158,41.277517599999996,2021-01-19 02:37:48.433972,2021-01-19 03:02:13.104164,0 days 00:24:24.670192,relu,0.09999999999999999,0.92,0.98,0.977327157066683,0.0028781012813122345,constant,0.9,2048,small,True,True,True,0.0,,COMPLETE
159,159,-287.34702880000003,2021-01-19 02:42:13.196935,2021-01-19 02:52:54.345320,0 days 00:10:41.148385,relu,0.09999999999999999,1.0,0.9,-4.0,1e-05,constant,0.3,8,medium,True,True,True,0.9999999999999999,,PRUNED
160,160,-861.6122024,2021-01-19 02:48:00.335154,2021-01-19 02:55:44.494995,0 days 00:07:44.159841,relu,0.09999999999999999,0.9,0.95,0.9999999999999999,1e-05,constant,0.8,2048,small,True,True,True,0.0,,PRUNED
161,161,-859.9157691999999,2021-01-19 02:52:54.381686,2021-01-19 03:00:47.223821,0 days 00:07:52.842135,relu,0.09999999999999999,0.8,0.9,0.9999999999999999,1e-05,constant,0.7,2048,small,True,True,True,0.0,,PRUNED
162,162,-299.3694836000001,2021-01-19 02:55:44.540877,2021-01-19 03:06:24.356326,0 days 00:10:39.815449,relu,0.09999999999999999,1.0,0.9,-4.0,1e-05,constant,0.3,8,medium,True,True,True,0.9999999999999999,,PRUNED
163,163,-285.27926859999997,2021-01-19 03:00:47.267948,2021-01-19 03:11:07.877244,0 days 00:10:20.609296,relu,0.09999999999999999,1.0,0.9,-4.0,1e-05,constant,0.3,8,medium,True,True,True,0.9999999999999999,,PRUNED
164,164,47.787834399999994,2021-01-19 03:01:36.590659,2021-01-19 03:26:19.799784,0 days 00:24:43.209125,relu,1e-08,0.95,0.9999,-4.0,0.9999999999999999,constant,5.0,2048,small,True,True,False,0.9999999999999999,,COMPLETE
165,165,-860.5186656,2021-01-19 03:02:13.203658,2021-01-19 03:09:17.373240,0 days 00:07:04.169582,relu,0.09999999999999999,0.8,0.9999,-4.0,1e-05,constant,5.0,2048,small,True,True,True,0.9999999999999999,,PRUNED
166,166,-854.7750609999999,2021-01-19 03:06:24.390382,2021-01-19 03:17:07.783080,0 days 00:10:43.392698,relu,0.09999999999999999,0.8,0.9999,-4.0,1e-05,constant,5.0,8,small,False,True,True,0.9999999999999999,,PRUNED
167,167,70.3299848,2021-01-19 03:09:17.396792,2021-01-19 03:34:49.742844,0 days 00:25:32.346052,relu,0.00010037735069402152,0.9,0.995,-3.800719099396287,0.0005566847363895392,constant,5.0,256,small,True,True,True,0.18073930494219692,,COMPLETE
168,168,-860.2637117999999,2021-01-19 03:11:07.912615,2021-01-19 03:18:48.644197,0 days 00:07:40.731582,relu,0.09999999999999999,0.8,0.9999,-4.0,1e-05,constant,5.0,2048,small,True,True,True,0.9999999999999999,,PRUNED
169,169,-784.2682906,2021-01-19 03:17:07.800469,2021-01-19 03:26:43.768563,0 days 00:09:35.968094,relu,0.09999999999999999,0.8,0.9999,-4.0,1e-05,constant,5.0,16,small,True,True,True,0.9999999999999999,,PRUNED
170,170,47.745462399999994,2021-01-19 03:18:48.714718,2021-01-19 03:45:40.243663,0 days 00:26:51.528945,relu,3.9870345530309806e-07,0.8,0.999,-4.0,0.002181522811155944,constant,5.0,64,small,True,True,True,0.2938909028623553,,COMPLETE
171,171,-839.1156801999999,2021-01-19 03:26:19.887901,2021-01-19 03:36:59.058424,0 days 00:10:39.170523,tanh,0.09999999999999999,0.8,0.9,-4.0,1e-05,constant,5.0,8,small,False,True,True,0.0,,PRUNED
172,172,44.299407,2021-01-19 03:26:43.787377,2021-01-19 03:54:01.647502,0 days 00:27:17.860125,tanh,0.0008779161015003469,0.95,0.98,-3.7133275750805166,0.027094595163192254,constant,2.0,64,small,False,True,True,0.1168347549973653,,COMPLETE
173,173,42.966415,2021-01-19 03:34:49.835910,2021-01-19 04:01:46.801985,0 days 00:26:56.966075,tanh,1.3168411174789095e-07,0.8,0.9999,-4.0,0.00870854927521068,constant,5.0,1024,small,False,True,False,0.9999999999999999,,COMPLETE
174,174,44.748778400000006,2021-01-19 03:36:59.069598,2021-01-19 04:03:24.992852,0 days 00:26:25.923254,tanh,1.308074283975246e-07,0.8,0.9999,-4.0,0.00868640975247417,constant,5.0,1024,small,False,True,False,0.9999999999999999,,COMPLETE
175,175,-860.5404569999998,2021-01-19 03:45:40.350599,2021-01-19 03:53:51.729174,0 days 00:08:11.378575,tanh,1e-08,0.8,0.9,-4.0,1e-05,constant,5.0,2048,small,False,True,False,0.0,,PRUNED
176,176,-861.8167295999999,2021-01-19 03:53:51.748039,2021-01-19 04:01:58.417552,0 days 00:08:06.669513,tanh,1e-08,0.8,0.9,-4.0,1e-05,constant,5.0,2048,small,False,True,False,0.0,,PRUNED
177,177,-816.3192592,2021-01-19 03:54:01.752416,2021-01-19 04:02:06.101651,0 days 00:08:04.349235,relu,0.012455625013354699,0.8,0.99,-4.0,0.0012622814793730264,constant,0.8,2048,small,True,True,False,0.9082973390041552,,PRUNED
178,178,,2021-01-19 04:01:46.889906,2021-01-19 04:12:03.724158,0 days 00:10:16.834252,relu,1e-08,1.0,0.9999,-4.0,0.9999999999999999,linear,5.0,8,medium,False,True,True,0.9999999999999999,,PRUNED
179,179,-231.07083619999997,2021-01-19 04:01:58.447696,2021-01-19 04:09:23.105648,0 days 00:07:24.657952,relu,1.115784183194853e-05,0.8,0.98,-3.54440639696505,0.003477357935523578,constant,0.7,1024,small,True,True,False,0.7899082405115945,,PRUNED
180,180,47.4084284,2021-01-19 04:02:06.142759,2021-01-19 04:32:44.702607,0 days 00:30:38.559848,tanh,0.09999999999999999,0.8,0.9999,0.9999999999999999,1e-05,constant,5.0,16,small,False,False,True,0.9999999999999999,,COMPLETE
181,181,131.11892360000002,2021-01-19 04:03:25.069445,2021-01-19 04:29:01.998178,0 days 00:25:36.928733,relu,2.9175299372725348e-05,0.8,0.98,-4.0,0.027157305927176644,constant,0.7,1024,small,True,True,False,0.9999966474957532,,COMPLETE
182,182,42.7715506,2021-01-19 04:09:23.127608,2021-01-19 04:34:32.385816,0 days 00:25:09.258208,relu,9.854365836422336e-08,0.8,0.98,-4.0,0.029256809529104942,constant,0.8,2048,small,True,True,True,0.8901124897476487,,COMPLETE
183,183,-814.0214852,2021-01-19 04:12:03.759593,2021-01-19 04:20:00.626454,0 days 00:07:56.866861,relu,0.08406967460746154,0.8,0.9999,-3.7343859882546386,1.151319893337088e-05,linear,5.0,2048,small,False,False,True,0.9922899930941667,,PRUNED
184,184,45.2051386,2021-01-19 04:20:00.668193,2021-01-19 04:45:36.871583,0 days 00:25:36.203390,relu,5.228149521673331e-07,0.8,0.99,-4.0,0.00010355655827647032,constant,0.6,64,small,True,True,True,0.9999999999999999,,COMPLETE
185,185,,2021-01-19 04:29:02.099949,2021-01-19 04:39:05.997671,0 days 00:10:03.897722,relu,1e-08,1.0,0.9999,0.9999999999999999,0.9999999999999999,linear,5.0,8,medium,False,True,True,0.9999999999999999,,PRUNED
186,186,,2021-01-19 04:32:44.821558,2021-01-19 04:43:05.941771,0 days 00:10:21.120213,relu,1e-08,1.0,0.9999,-3.3923358197960374,0.9999999999999999,linear,5.0,8,medium,False,True,False,0.9999999999999999,,PRUNED
187,187,41.4101248,2021-01-19 04:34:32.455105,2021-01-19 04:59:00.172068,0 days 00:24:27.716963,relu,0.00028357750565935556,0.8,0.95,-1.1201159171895387,0.017615383279535456,constant,5.0,2048,small,True,True,False,0.0,,COMPLETE
188,188,42.7428738,2021-01-19 04:39:06.013783,2021-01-19 05:13:53.370833,0 days 00:34:47.357050,tanh,0.09999999999999999,0.8,0.9999,0.9999999999999999,1.0864491953173863e-05,constant,5.0,8,small,False,False,False,0.020073528778416144,,COMPLETE
189,189,-860.6574162000001,2021-01-19 04:43:05.987169,2021-01-19 04:50:43.498696,0 days 00:07:37.511527,relu,0.09999999999999999,0.8,0.9999,-4.0,1e-05,constant,5.0,2048,small,True,True,False,0.0,,PRUNED
190,190,-862.6035046,2021-01-19 04:45:36.963796,2021-01-19 04:53:20.443474,0 days 00:07:43.479678,relu,0.09999999999999999,0.8,0.9999,-4.0,1e-05,constant,5.0,2048,small,True,True,False,0.9999999999999999,,PRUNED
191,191,-861.0921722,2021-01-19 04:50:43.522897,2021-01-19 04:58:28.165615,0 days 00:07:44.642718,relu,0.09999999999999999,0.8,0.9999,-4.0,1e-05,constant,5.0,2048,small,True,True,False,0.9999999999999999,,PRUNED
192,192,-862.6208856000001,2021-01-19 04:53:20.469726,2021-01-19 05:00:43.030657,0 days 00:07:22.560931,relu,0.09999999999999999,0.8,0.9999,-4.0,1e-05,constant,5.0,2048,small,True,True,False,0.9999999999999999,,PRUNED
193,193,-859.9316536,2021-01-19 04:58:28.207585,2021-01-19 05:05:26.053070,0 days 00:06:57.845485,relu,0.09999999999999999,0.8,0.995,-4.0,7.547097323502643e-05,constant,5.0,2048,small,True,True,False,0.9999999999999999,,PRUNED
194,194,-4241.7795754,2021-01-19 04:59:00.259101,2021-01-19 05:31:53.357005,0 days 00:32:53.097904,relu,1e-08,1.0,0.9999,-4.0,0.9999999999999999,linear,5.0,8,medium,True,True,False,0.9999999999999999,,COMPLETE
195,195,-858.1122712,2021-01-19 05:00:43.044936,2021-01-19 05:07:43.293882,0 days 00:07:00.248946,relu,1e-08,1.0,0.9,0.9999999999999999,1e-05,constant,0.8,2048,medium,True,True,True,0.984511522166266,,PRUNED
196,196,43.999222200000006,2021-01-19 05:05:26.095579,2021-01-19 05:27:05.497867,0 days 00:21:39.402288,tanh,0.01067643861101936,0.95,0.99,-4.0,0.026055031388308312,constant,0.3,2048,small,True,True,False,0.25926253163438495,,COMPLETE
197,197,,2021-01-19 05:07:43.350829,2021-01-19 05:39:57.561101,0 days 00:32:14.210272,relu,1e-08,1.0,0.9999,-4.0,0.9999999999999999,linear,5.0,8,medium,True,True,False,0.9999999999999999,"Trial 197 failed, because the objective function returned nan.",FAIL
198,198,-610.3874194,2021-01-19 05:13:53.471659,2021-01-19 05:23:29.845356,0 days 00:09:36.373697,relu,1e-08,1.0,0.9,0.9999999999999999,1e-05,constant,0.3,8,medium,True,True,True,0.9999999999999999,,PRUNED
199,199,-836.5573294,2021-01-19 05:23:29.860854,2021-01-19 05:30:30.657101,0 days 00:07:00.796247,relu,0.013858385535199648,1.0,0.9,0.9999999999999999,1e-05,constant,0.3,64,medium,True,True,True,0.9999999999999999,,PRUNED
200,200,45.9510614,2021-01-19 05:27:05.532795,2021-01-19 06:02:26.518326,0 days 00:35:20.985531,relu,0.09999999999999999,0.8,0.9999,0.323392601155323,7.041706198419539e-05,constant,0.3,8,small,False,True,False,0.9999999999999999,,COMPLETE
201,201,-675.4127569999999,2021-01-19 05:30:30.684438,2021-01-19 05:38:35.938849,0 days 00:08:05.254411,relu,1e-08,1.0,0.9,0.9999999999999999,1e-05,constant,5.0,16,medium,True,True,True,0.9999999999999999,,PRUNED
202,202,42.7383624,2021-01-19 05:31:53.460416,2021-01-19 05:56:15.850678,0 days 00:24:22.390262,relu,0.09999999999999999,0.8,0.9999,-4.0,0.9999999999999999,linear,5.0,512,medium,False,True,False,0.9999999999999999,,COMPLETE
203,203,44.391687,2021-01-19 05:38:35.978173,2021-01-19 06:04:11.670983,0 days 00:25:35.692810,relu,0.008540686033674007,0.98,0.99,-3.6373803398594178,0.9999999999999999,linear,5.0,256,medium,True,True,False,0.7071281081156829,,COMPLETE
204,204,45.18087319999999,2021-01-19 05:39:57.588016,2021-01-19 06:05:20.177621,0 days 00:25:22.589605,relu,0.09999999999999999,0.8,0.9999,-4.0,0.9999999999999999,linear,5.0,512,medium,False,False,False,0.9999999999999999,,COMPLETE
205,205,47.119541,2021-01-19 05:56:15.930144,2021-01-19 06:23:25.483190,0 days 00:27:09.553046,relu,7.108613101623866e-06,0.8,0.95,0.9999999999999999,0.9999999999999999,linear,5.0,64,medium,False,False,False,0.8299611535142298,,COMPLETE
206,206,,2021-01-19 06:02:26.607665,2021-01-19 06:29:49.837121,0 days 00:27:23.229456,tanh,0.09999999999999999,0.8,0.9,0.9999999999999999,0.9999999999999999,linear,5.0,64,small,True,False,False,0.9999999999999999,"Trial 206 failed, because the objective function returned nan.",FAIL
207,207,,2021-01-19 06:04:11.756952,2021-01-19 06:31:40.819815,0 days 00:27:29.062863,tanh,0.09999999999999999,0.8,0.9999,0.9999999999999999,0.9999999999999999,linear,5.0,64,small,True,False,False,0.9999999999999999,"Trial 207 failed, because the objective function returned nan.",FAIL
208,208,45.2051738,2021-01-19 06:05:20.242337,2021-01-19 06:33:09.200152,0 days 00:27:48.957815,relu,2.8028206990156745e-05,0.8,0.98,0.9999999999999999,0.9999999999999999,linear,5.0,64,medium,False,False,False,0.8622921281068194,,COMPLETE
209,209,-862.1296674000001,2021-01-19 06:23:25.597593,2021-01-19 06:31:24.632661,0 days 00:07:59.035068,relu,1.7230037705572283e-05,0.8,0.95,-4.0,1e-05,constant,0.3,2048,small,True,True,False,0.9999999999999999,,PRUNED
210,210,-538.7472066,2021-01-19 06:29:49.882204,2021-01-19 06:37:53.915171,0 days 00:08:04.032967,relu,0.09999999999999999,0.8,0.99,-2.6541062387404177,0.00053025109302294,constant,5.0,2048,small,True,True,True,0.0,,PRUNED
211,211,-4241.7210780000005,2021-01-19 06:31:24.656553,2021-01-19 06:39:36.148952,0 days 00:08:11.492399,tanh,0.09999921810911247,1.0,0.9,-3.9991806895355175,0.9999820306023344,linear,5.0,2048,small,True,False,True,0.9999999999999999,,PRUNED
212,212,-681.1652082,2021-01-19 06:31:40.861467,2021-01-19 06:39:47.337463,0 days 00:08:06.475996,tanh,0.06152748017335569,0.98,0.995,0.8861171997696875,6.469959603952536e-05,linear,0.6,1024,small,True,False,True,0.3772807883121197,,PRUNED
213,213,-136.45588279999998,2021-01-19 06:33:09.307075,2021-01-19 06:41:16.166781,0 days 00:08:06.859706,relu,0.09999999999999999,0.8,0.995,-2.6509130488287624,0.0008756779018894544,constant,5.0,2048,small,True,True,True,0.0,,PRUNED
214,214,45.5031872,2021-01-19 06:37:53.941195,2021-01-19 07:05:54.579973,0 days 00:28:00.638778,tanh,0.005251180586380406,0.8,0.99,-4.0,0.0009694550018445165,constant,0.7,64,small,True,False,False,0.9999999999999999,,COMPLETE
215,215,40.614255,2021-01-19 06:39:36.176450,2021-01-19 07:05:55.082122,0 days 00:26:18.905672,relu,1e-08,1.0,0.9,-4.0,0.9999999999999999,linear,5.0,2048,small,True,False,False,0.9999999999999999,,COMPLETE
216,216,-830.2012354000001,2021-01-19 06:39:47.376596,2021-01-19 06:47:55.298882,0 days 00:08:07.922286,relu,0.09999999999999999,0.8,0.995,-2.6414877981673586,0.00012480071060696566,constant,5.0,2048,small,True,True,True,0.0,,PRUNED
217,217,-4242.2056794,2021-01-19 06:41:16.220087,2021-01-19 07:08:16.950167,0 days 00:27:00.730080,tanh,1e-08,1.0,0.9,-4.0,0.9999999999999999,linear,5.0,2048,small,False,False,False,0.9999999999999999,,COMPLETE
218,218,-1101.9908838,2021-01-19 06:47:55.330262,2021-01-19 06:56:00.634677,0 days 00:08:05.304415,tanh,1e-08,1.0,0.9,-4.0,0.9999999999999999,linear,5.0,2048,small,False,False,False,0.9999999999999999,,PRUNED
219,219,45.294831,2021-01-19 06:56:00.675720,2021-01-19 07:22:21.676118,0 days 00:26:21.000398,relu,1.0675442434733703e-08,1.0,0.9,-4.0,0.9999999999999999,linear,5.0,2048,medium,False,False,False,0.9999999999999999,,COMPLETE
220,220,45.833263,2021-01-19 07:05:54.686744,2021-01-19 07:31:08.708497,0 days 00:25:14.021753,tanh,1e-08,1.0,0.9,-3.9999988133133626,0.9999999999999999,linear,5.0,2048,small,True,False,False,0.0,,COMPLETE
221,221,-859.1435778000001,2021-01-19 07:05:55.176089,2021-01-19 07:14:08.221102,0 days 00:08:13.045013,relu,1e-08,0.8,0.9999,0.9999999999999999,1e-05,linear,5.0,2048,medium,False,True,False,0.9999999999999999,,PRUNED
222,222,44.835429600000005,2021-01-19 07:08:16.977472,2021-01-19 07:34:00.783176,0 days 00:25:43.805704,relu,0.024028667840561884,0.98,0.99,-3.4015121686440732,0.6499404202698269,linear,5.0,256,medium,True,True,False,0.5374237655320978,,COMPLETE
223,223,-4242.805924,2021-01-19 07:14:08.252364,2021-01-19 07:25:22.039188,0 days 00:11:13.786824,relu,5.191974852340288e-08,0.95,0.9999,-3.889016299326881,0.36436601809615077,linear,1.0,8,small,True,True,False,0.5983785245502042,,PRUNED
224,224,-149.0939836,2021-01-19 07:22:21.755661,2021-01-19 07:29:52.084395,0 days 00:07:30.328734,tanh,7.769742585690921e-08,0.92,0.95,-0.6051920185400084,0.0002726973566443987,linear,0.5,1024,small,True,False,False,0.40746215681002323,,PRUNED
225,225,-4241.9311576,2021-01-19 07:25:22.081651,2021-01-19 08:02:03.065527,0 days 00:36:40.983876,relu,7.276770246186753e-08,0.92,0.98,-0.2446353442186071,0.14931636179800792,linear,0.7,8,medium,True,False,False,0.5801202557575414,,COMPLETE
226,226,43.6193656,2021-01-19 07:29:52.127605,2021-01-19 07:55:02.094505,0 days 00:25:09.966900,tanh,8.47916195519416e-08,0.98,0.95,-0.5275814582211455,0.000761695052511562,linear,0.9,1024,medium,True,False,False,0.05887406203013053,,COMPLETE
227,227,45.708525,2021-01-19 07:31:08.762962,2021-01-19 07:56:29.138413,0 days 00:25:20.375451,tanh,2.881668682538359e-07,0.92,0.9,-2.631442516879316,0.0001000233383795185,constant,2.0,256,small,True,False,True,0.9599455080357564,,COMPLETE
228,228,-849.6846335999999,2021-01-19 07:34:00.892501,2021-01-19 07:41:28.057444,0 days 00:07:27.164943,relu,1.7671811373296445e-05,0.99,0.99,0.6639267453188058,0.00034823710259983243,constant,0.6,2048,small,False,True,False,0.4187599206792619,,PRUNED
229,229,-950.2824688000001,2021-01-19 07:41:28.093152,2021-01-19 07:49:05.273499,0 days 00:07:37.180347,tanh,0.0001630177429738657,0.8,0.995,0.9999999999999999,1e-05,linear,0.3,256,small,True,False,False,0.0,,PRUNED
230,230,46.40246460000001,2021-01-19 07:49:05.320762,2021-01-19 08:13:59.556127,0 days 00:24:54.235365,relu,0.011002666508961034,0.8,0.98,0.9999999999999999,0.9999999999999999,linear,5.0,64,medium,True,False,False,0.9626674979054461,,COMPLETE
231,231,41.606557200000005,2021-01-19 07:55:02.169944,2021-01-19 08:29:04.363982,0 days 00:34:02.194038,relu,0.00020355780849313425,0.9,0.98,-3.7583431797027336,0.00037173921549752705,constant,0.6,8,small,True,True,True,0.028852133379746018,,COMPLETE
232,232,45.2265664,2021-01-19 07:56:29.194688,2021-01-19 08:25:58.290963,0 days 00:29:29.096275,tanh,9.296317382419601e-06,0.99,0.95,-3.2469932426612376,0.032608787171252165,constant,2.0,16,medium,True,False,False,0.2693722915645956,,COMPLETE
233,233,43.0843612,2021-01-19 08:02:03.196615,2021-01-19 08:25:48.502275,0 days 00:23:45.305660,relu,0.00047357046286046446,0.8,0.98,-4.0,0.001890159326390099,constant,0.9,2048,small,True,True,True,0.21257157198169027,,COMPLETE
234,234,-877.3898126,2021-01-19 08:13:59.636467,2021-01-19 08:21:20.298610,0 days 00:07:20.662143,relu,1.0721950516627288e-07,0.9,0.98,-3.360664907220786,0.0005183041533362955,constant,0.9,1024,medium,False,True,False,0.9239711123661035,,PRUNED
235,235,117.97285939999999,2021-01-19 08:21:20.341523,2021-01-19 08:47:53.753718,0 days 00:26:33.412195,relu,2.3772653635363854e-07,0.92,0.99,-4.0,0.0013119532095669884,constant,5.0,2048,small,True,True,True,0.42299847264293783,,COMPLETE
236,236,,2021-01-19 08:25:48.581527,2021-01-19 08:52:39.353598,0 days 00:26:50.772071,tanh,0.09999999999999999,0.8,0.9999,0.9999999999999999,0.9999999999999999,constant,5.0,2048,medium,True,True,True,0.0,"Trial 236 failed, because the objective function returned nan.",FAIL
237,237,-4241.599813999999,2021-01-19 08:25:58.353054,2021-01-19 08:34:01.937851,0 days 00:08:03.584797,relu,0.015749733372613137,0.92,0.99,-3.929920813033089,0.03671171460886674,linear,0.7,1024,small,False,False,False,0.3618999441903088,,PRUNED
238,238,43.1760358,2021-01-19 08:29:04.465701,2021-01-19 08:56:12.061586,0 days 00:27:07.595885,tanh,2.211337046727057e-08,1.0,0.99,-2.1665598716757044,0.01951663016635754,constant,0.5,128,small,True,False,False,0.1497327894085002,,COMPLETE
239,239,-734.2120798,2021-01-19 08:34:01.964745,2021-01-19 08:42:40.741499,0 days 00:08:38.776754,relu,1e-08,0.8,0.999,0.9999999999999999,1e-05,linear,0.3,256,medium,True,False,False,0.9999999999999999,,PRUNED
240,240,-859.8662604000001,2021-01-19 08:42:40.779973,2021-01-19 08:50:53.045873,0 days 00:08:12.265900,relu,1e-08,0.98,0.98,0.9999999999999999,1e-05,linear,0.3,512,medium,True,True,False,0.9999999999999999,,PRUNED
241,241,41.68213239999999,2021-01-19 08:47:53.827661,2021-01-19 09:21:23.356051,0 days 00:33:29.528390,relu,1e-08,0.8,0.99,0.9999999999999999,0.06078457126764205,linear,5.0,8,small,False,False,True,0.15749095280626377,,COMPLETE
242,242,-841.7552096,2021-01-19 08:50:53.080233,2021-01-19 08:58:06.377513,0 days 00:07:13.297280,relu,0.000161581834253085,1.0,0.98,-3.9999999448950554,0.004401275320725839,linear,2.0,2048,medium,False,True,True,0.0,,PRUNED
243,243,43.6788296,2021-01-19 08:52:39.392501,2021-01-19 09:26:26.808283,0 days 00:33:47.415782,relu,0.08052312290802488,0.95,0.999,-0.6669287282893248,0.002515233045853732,constant,2.0,8,medium,False,True,True,0.0,,COMPLETE
244,244,-786.6058095999999,2021-01-19 08:56:12.138676,2021-01-19 09:03:16.585354,0 days 00:07:04.446678,relu,1.144099857579971e-08,0.98,0.9,0.6850626250551857,0.0007973403613680101,constant,1.0,1024,small,False,True,False,0.3183895932400978,,PRUNED
245,245,-858.9733646000001,2021-01-19 08:58:06.421607,2021-01-19 09:05:23.376323,0 days 00:07:16.954716,relu,1e-08,1.0,0.9999,0.07286062756388301,1e-05,constant,5.0,2048,medium,True,True,True,0.9999999999999999,,PRUNED
246,246,-716.7443504,2021-01-19 09:03:16.623893,2021-01-19 09:10:25.984405,0 days 00:07:09.360512,relu,6.132453644667292e-07,0.8,0.99,-0.08567094929311425,0.0006876904068783749,constant,0.5,1024,medium,False,True,False,0.6410857525028684,,PRUNED
247,247,46.525357,2021-01-19 09:05:23.411649,2021-01-19 09:29:45.360150,0 days 00:24:21.948501,relu,4.175294532406763e-08,0.99,0.999,-3.3042703629276478,0.00036398674971868704,constant,0.7,1024,medium,False,False,False,0.15982115275707728,,COMPLETE
248,248,-859.4600697999998,2021-01-19 09:10:26.009654,2021-01-19 09:17:38.049685,0 days 00:07:12.040031,relu,1e-08,1.0,0.9999,0.07784348929550244,1e-05,constant,5.0,2048,small,True,True,True,0.9999999999999999,,PRUNED
249,249,-859.7620751999999,2021-01-19 09:17:38.093784,2021-01-19 09:24:59.060551,0 days 00:07:20.966767,relu,1e-08,1.0,0.9999,0.07753958185656984,1e-05,constant,5.0,2048,small,True,True,True,0.9999999999999999,,PRUNED
250,250,-707.6661071999999,2021-01-19 09:21:23.474967,2021-01-19 09:29:23.403867,0 days 00:07:59.928900,relu,0.006860883178353319,0.8,0.995,-2.8416289477805585,0.0002112687267975853,constant,2.0,128,small,False,True,True,0.08944840784491448,,PRUNED
251,251,43.2571656,2021-01-19 09:24:59.099060,2021-01-19 09:52:08.250206,0 days 00:27:09.151146,tanh,1.3176734664643765e-07,0.92,0.9,-4.0,0.04534428580349262,linear,0.3,1024,small,True,False,True,0.03621607521832461,,COMPLETE
252,252,-859.0901542000001,2021-01-19 09:26:26.881492,2021-01-19 09:34:50.121673,0 days 00:08:23.240181,relu,1e-08,1.0,0.9999,0.019342858372169758,1e-05,constant,5.0,2048,small,True,True,True,0.9999999999999999,,PRUNED
253,253,40.634161199999994,2021-01-19 09:29:23.445037,2021-01-19 09:56:36.362917,0 days 00:27:12.917880,relu,0.02413997871624689,0.8,0.999,-1.2264465531489597,0.8151442123309114,constant,0.7,512,medium,True,True,False,0.9409763445366701,,COMPLETE
254,254,41.4439942,2021-01-19 09:29:45.484433,2021-01-19 09:57:44.393045,0 days 00:27:58.908612,relu,0.06679669020786368,0.8,0.98,0.9999999999999999,0.9999999999999999,linear,5.0,128,medium,True,False,False,0.9843835458657655,,COMPLETE
255,255,44.7508508,2021-01-19 09:34:50.169821,2021-01-19 10:01:42.793042,0 days 00:26:52.623221,relu,1.1808508929463198e-05,0.9,0.995,0.9999999999999999,0.9999999999999999,constant,0.3,2048,medium,True,True,False,0.9999999999999999,,COMPLETE
256,256,-4242.044355399999,2021-01-19 09:52:08.353909,2021-01-19 10:01:33.852638,0 days 00:09:25.498729,tanh,0.0046251770123058936,0.98,0.95,-0.7131311847931663,0.5781275370912595,linear,2.0,16,small,False,False,True,0.2406476906768283,,PRUNED
257,257,45.7878514,2021-01-19 09:56:36.438168,2021-01-19 10:08:22.117823,0 days 00:11:45.679655,relu,7.641474764114404e-07,0.95,0.9999,-1.5040198059836376,0.0010765590097148571,constant,1.0,2048,medium,True,False,True,0.568057966699577,,COMPLETE
258,258,-770.8692792,2021-01-19 09:57:44.453363,2021-01-19 10:04:32.247206,0 days 00:06:47.793843,relu,0.09999999999999999,1.0,0.9999,0.9999999999999999,1e-05,constant,0.3,2048,medium,False,False,False,0.0,,PRUNED
259,259,-801.9791159999999,2021-01-19 10:01:33.865462,2021-01-19 10:06:17.137504,0 days 00:04:43.272042,relu,1.6503710191433596e-07,0.99,0.9999,-0.5671436250442023,0.0004180788062828202,linear,0.8,512,small,False,True,False,0.9773187766727285,,PRUNED
