#{"t_start": 1607536640.6449866, "env_id": "fishing-v1"}
r,l,t
0.75,1,0.03541
0.75,1,0.036427
0.75,1,0.037329
0.75,1,0.038235
0.75,1,0.039229
0.75,1,0.04143
0.75,1,0.042381
0.75,1,0.043279
0.75,1,0.04413
0.75,1,0.044977
0.75,1,0.045897
0.75,1,0.046842
0.75,1,0.047729
0.75,1,0.048574
0.75,1,0.049424
0.75,1,0.050271
0.75,1,0.051145
0.75,1,0.052001
0.75,1,0.052849
0.75,1,0.053687
0.75,1,0.054574
0.75,1,0.05542
0.75,1,0.056264
0.75,1,0.057104
0.75,1,0.05795
0.75,1,0.058923
0.75,1,0.059771
0.75,1,0.06061
0.75,1,0.061449
0.75,1,0.062294
0.75,1,0.063279
0.75,1,0.064123
0.75,1,0.065142
0.75,1,0.065977
0.75,1,0.066834
0.75,1,0.067679
0.75,1,0.068521
0.75,1,0.069358
0.75,1,0.070316
0.75,1,0.07119
0.75,1,0.072036
0.75,1,0.072938
0.75,1,0.07378
0.75,1,0.074648
0.75,1,0.075492
0.75,1,0.076393
0.75,1,0.077235
0.75,1,0.078085
0.75,1,0.078938
0.75,1,0.079775
0.75,1,0.080624
0.75,1,0.081602
0.75,1,0.082436
0.75,1,0.083295
0.75,1,0.084187
0.75,1,0.085024
0.75,1,0.08586
0.75,1,0.086751
0.75,1,0.087601
0.75,1,0.088445
0.75,1,0.089288
0.75,1,0.090127
0.75,1,0.091061
0.75,1,0.091918
0.75,1,0.092753
0.75,1,0.093595
0.75,1,0.094429
0.75,1,0.095275
0.75,1,0.096112
0.75,1,0.096948
0.75,1,0.097784
0.75,1,0.098644
0.75,1,0.099498
0.75,1,0.100346
0.75,1,0.101187
0.75,1,0.102029
0.75,1,0.102879
0.75,1,0.103709
0.75,1,0.10453
0.75,1,0.105362
0.75,1,0.106205
0.75,1,0.107062
0.75,1,0.107898
0.75,1,0.108734
0.75,1,0.10958
0.75,1,0.110415
0.75,1,0.111266
0.75,1,0.112106
0.75,1,0.112953
0.75,1,0.113808
0.75,1,0.114661
0.75,1,0.115499
0.75,1,0.116343
0.75,1,0.117187
0.75,1,0.118025
0.75,1,0.118894
0.75,1,0.119748
0.75,1,0.120594
0.75,1,0.121437
0.75,1,0.122277
0.75,1,0.123136
0.75,1,0.123977
0.75,1,0.124814
0.75,1,0.125651
0.75,1,0.126491
0.75,1,0.127359
0.75,1,0.128208
0.75,1,0.129048
0.75,1,0.129886
0.75,1,0.13074
0.75,1,0.131675
0.75,1,0.132514
0.75,1,0.133365
0.75,1,0.134206
0.75,1,0.135068
0.75,1,0.135905
0.75,1,0.136752
0.75,1,0.137591
0.75,1,0.138435
0.75,1,0.13929
0.75,1,0.14014
0.75,1,0.140983
0.75,1,0.141811
0.75,1,0.142669
0.75,1,0.143511
0.75,1,0.144353
0.75,1,0.145191
0.75,1,0.14605
0.75,1,0.146916
0.75,1,0.147756
0.75,1,0.148593
0.75,1,0.149431
0.75,1,0.150276
0.75,1,0.151131
0.75,1,0.151967
0.75,1,0.152805
0.75,1,0.153642
0.75,1,0.154486
0.75,1,0.155341
0.75,1,0.156181
0.75,1,0.157016
0.75,1,0.157851
0.75,1,0.158705
0.75,1,0.159557
0.75,1,0.160398
0.75,1,0.161234
0.75,1,0.162077
0.75,1,0.162994
0.75,1,0.163844
0.75,1,0.164681
0.75,1,0.165517
0.75,1,0.166352
0.75,1,0.167212
0.75,1,0.168041
0.75,1,0.168872
0.75,1,0.169726
0.75,1,0.170575
0.75,1,0.171418
0.75,1,0.172254
0.75,1,0.173101
0.75,1,0.173938
0.75,1,0.174802
0.75,1,0.17565
0.75,1,0.176483
0.75,1,0.177324
0.75,1,0.178162
0.75,1,0.179016
0.75,1,0.179853
0.75,1,0.180687
0.75,1,0.181527
0.75,1,0.182364
0.75,1,0.18321
0.75,1,0.184043
0.75,1,0.184876
0.75,1,0.185722
0.75,1,0.186574
0.75,1,0.18741
0.75,1,0.18823
0.75,1,0.189051
0.75,1,0.189883
0.75,1,0.190745
0.75,1,0.191582
0.75,1,0.19241
0.75,1,0.193236
0.75,1,0.194063
0.75,1,0.194928
0.75,1,0.195766
0.75,1,0.196594
0.75,1,0.197422
0.75,1,0.198251
0.75,1,0.199101
0.75,1,0.199929
0.75,1,0.200769
0.75,1,0.201603
0.75,1,0.202443
0.75,1,0.203297
0.75,1,0.204137
0.75,1,0.204965
0.75,1,0.205804
0.75,1,0.206656
0.75,1,0.207493
0.75,1,0.208332
0.75,1,0.209179
0.75,1,0.210014
0.75,1,0.210864
0.75,1,0.211704
0.75,1,0.212528
0.75,1,0.213365
0.75,1,0.214197
0.75,1,0.215039
0.75,1,0.215883
0.75,1,0.216718
0.75,1,0.217557
0.75,1,0.21839
0.75,1,0.219253
0.75,1,0.220093
0.75,1,0.220927
0.75,1,0.221761
0.75,1,0.222608
0.75,1,0.223454
0.75,1,0.224286
0.75,1,0.225134
0.75,1,0.226426
0.75,1,0.227294
0.75,1,0.22814
0.75,1,0.228974
0.75,1,0.229814
0.75,1,0.230673
0.75,1,0.231509
0.75,1,0.232341
0.75,1,0.233176
0.75,1,0.234002
0.75,1,0.234845
0.75,1,0.235699
0.75,1,0.236548
0.75,1,0.237387
0.75,1,0.238229
0.75,1,0.239098
0.75,1,0.239955
0.75,1,0.240799
0.75,1,0.241631
0.75,1,0.242465
0.75,1,0.243323
0.75,1,0.244163
0.75,1,0.245003
0.75,1,0.245836
0.75,1,0.246669
0.75,1,0.247506
0.75,1,0.248345
0.75,1,0.249176
0.75,1,0.250021
0.75,1,0.250883
0.75,1,0.251719
0.75,1,0.252568
0.75,1,0.253399
0.75,1,0.254237
0.75,1,0.255089
0.75,1,0.255922
0.75,1,0.256753
0.75,1,0.257584
0.75,1,0.258424
0.75,1,0.259282
0.75,1,0.260112
0.75,1,0.260938
0.75,1,0.261763
0.75,1,0.2626
0.75,1,0.263434
0.75,1,0.26431
0.75,1,0.265136
0.75,1,0.265971
0.75,1,0.266836
0.75,1,0.267677
0.75,1,0.268508
0.75,1,0.269341
0.75,1,0.270176
0.75,1,0.271033
0.75,1,0.271877
0.75,1,0.272712
0.75,1,0.273549
0.75,1,0.274386
0.75,1,0.275244
0.75,1,0.276081
0.75,1,0.276924
0.75,1,0.277762
0.75,1,0.278607
0.75,1,0.27944
0.75,1,0.280272
0.75,1,0.281104
0.75,1,0.28194
0.75,1,0.282795
0.75,1,0.283631
0.75,1,0.284461
0.75,1,0.285295
0.75,1,0.286125
0.75,1,0.287193
0.75,1,0.288027
0.75,1,0.288859
0.75,1,0.289693
0.75,1,0.290527
0.75,1,0.291371
0.75,1,0.292201
0.75,1,0.293029
0.75,1,0.29386
0.75,1,0.294712
0.75,1,0.295551
0.75,1,0.296385
0.75,1,0.297217
0.75,1,0.298044
0.75,1,0.298899
0.75,1,0.299741
0.75,1,0.300579
0.75,1,0.301408
0.75,1,0.302247
0.75,1,0.303103
0.75,1,0.303942
0.75,1,0.304773
0.75,1,0.305603
0.75,1,0.306439
0.75,1,0.307276
0.75,1,0.308101
0.75,1,0.308939
0.75,1,0.309773
0.75,1,0.310624
0.75,1,0.311464
0.75,1,0.312301
0.75,1,0.313133
0.75,1,0.313959
0.75,1,0.314817
0.75,1,0.315653
0.75,1,0.31648
0.75,1,0.317318
0.75,1,0.318149
0.75,1,0.319034
0.75,1,0.319864
0.75,1,0.321082
0.75,1,0.321911
0.75,1,0.322775
0.75,1,0.323616
0.75,1,0.324446
0.75,1,0.325277
0.75,1,0.326117
0.75,1,0.326967
0.75,1,0.327806
0.75,1,0.328659
0.75,1,0.329494
0.75,1,0.330335
0.75,1,0.331181
0.75,1,0.332014
0.75,1,0.332849
0.75,1,0.3337
0.75,1,0.334541
0.75,1,0.335416
0.75,1,0.336261
0.75,1,0.337105
0.75,1,0.337956
0.75,1,0.338826
0.75,1,0.339669
0.75,1,0.340503
0.75,1,0.341344
0.75,1,0.342178
0.75,1,0.343046
0.75,1,0.34389
0.75,1,0.344724
0.75,1,0.34556
0.75,1,0.346383
0.75,1,0.347237
0.75,1,0.348064
0.75,1,0.34889
0.75,1,0.349715
0.75,1,0.350562
0.75,1,0.351746
0.75,1,0.352577
0.75,1,0.353411
0.75,1,0.354241
0.75,1,0.355091
0.75,1,0.355923
0.75,1,0.356752
0.75,1,0.357588
0.75,1,0.358418
0.75,1,0.35927
0.75,1,0.360101
0.75,1,0.360932
0.75,1,0.361773
0.75,1,0.362618
0.75,1,0.363456
0.75,1,0.364287
0.75,1,0.365122
0.75,1,0.365953
0.75,1,0.36681
0.75,1,0.367646
0.75,1,0.369392
0.75,1,0.370288
0.75,1,0.371143
0.75,1,0.371977
0.75,1,0.372866
0.75,1,0.373698
0.75,1,0.374569
0.75,1,0.375414
0.75,1,0.376249
0.75,1,0.377083
0.75,1,0.377918
0.75,1,0.378761
0.75,1,0.379592
0.75,1,0.380424
0.75,1,0.381248
0.75,1,0.382101
0.75,1,0.382991
0.75,1,0.383821
0.75,1,0.38466
0.75,1,0.385495
0.75,1,0.386326
0.75,1,0.387192
0.75,1,0.388021
0.75,1,0.388841
0.75,1,0.389659
0.75,1,0.39049
0.75,1,0.391333
0.75,1,0.392174
0.75,1,0.393006
0.75,1,0.39384
0.75,1,0.394689
0.75,1,0.395521
0.75,1,0.396349
0.75,1,0.397182
0.75,1,0.398017
0.75,1,0.398867
0.75,1,0.399705
0.75,1,0.400541
0.75,1,0.40138
0.75,1,0.402217
0.75,1,0.403097
0.75,1,0.403931
0.75,1,0.404759
0.75,1,0.405575
0.75,1,0.406408
0.75,1,0.407271
0.75,1,0.408115
0.75,1,0.408945
0.75,1,0.409779
0.75,1,0.410622
0.75,1,0.411464
0.75,1,0.412297
0.75,1,0.413131
0.75,1,0.413963
0.75,1,0.41484
0.75,1,0.415679
0.75,1,0.416627
0.75,1,0.417464
0.75,1,0.418296
0.75,1,0.419152
0.75,1,0.420089
0.75,1,0.420921
0.75,1,0.42176
0.75,1,0.422621
0.75,1,0.423456
0.75,1,0.424297
0.75,1,0.425129
0.75,1,0.425961
0.75,1,0.426816
0.75,1,0.427644
0.75,1,0.42851
0.75,1,0.429355
0.75,1,0.430218
0.75,1,0.431086
0.75,1,0.43193
0.75,1,0.432771
0.75,1,0.433612
0.75,1,0.434444
0.75,1,0.435309
0.75,1,0.436148
0.75,1,0.436992
0.75,1,0.437851
0.75,1,0.438705
0.75,1,0.43953
0.75,1,0.440367
0.75,1,0.441201
0.75,1,0.442041
0.75,1,0.442912
0.75,1,0.443754
0.75,1,0.444592
0.75,1,0.445434
0.75,1,0.446292
0.75,1,0.447149
0.75,1,0.44799
0.75,1,0.448828
0.75,1,0.449663
0.75,1,0.450489
0.75,1,0.451348
0.75,1,0.452187
0.75,1,0.453023
0.75,1,0.453856
0.75,1,0.454717
0.75,1,0.45556
0.75,1,0.456393
0.75,1,0.457229
0.75,1,0.458064
0.75,1,0.45893
0.75,1,0.45978
0.75,1,0.460616
0.75,1,0.461444
0.75,1,0.462277
0.75,1,0.463144
0.75,1,0.463965
0.75,1,0.464802
0.75,1,0.465636
0.75,1,0.466474
0.75,1,0.467327
0.75,1,0.468171
0.75,1,0.469007
0.75,1,0.46984
0.75,1,0.470694
0.75,1,0.471528
0.75,1,0.47237
0.75,1,0.47319
0.75,1,0.474007
0.75,1,0.47486
0.75,1,0.475694
0.75,1,0.47653
0.75,1,0.477369
0.75,1,0.478205
0.75,1,0.47912
0.75,1,0.479952
0.75,1,0.480793
0.75,1,0.481635
0.75,1,0.482585
0.75,1,0.483433
0.75,1,0.484283
0.75,1,0.485107
0.75,1,0.485923
0.75,1,0.486752
0.75,1,0.487589
0.75,1,0.488424
0.75,1,0.489266
0.75,1,0.490107
0.75,1,0.490982
0.75,1,0.491812
0.75,1,0.492656
0.75,1,0.493484
0.75,1,0.494316
0.75,1,0.495177
0.75,1,0.496021
0.75,1,0.496859
0.75,1,0.497696
0.75,1,0.498532
0.75,1,0.499387
0.75,1,0.500221
0.75,1,0.501049
0.75,1,0.501881
0.75,1,0.50274
0.75,1,0.503587
0.75,1,0.504443
0.75,1,0.505277
0.75,1,0.50611
0.75,1,0.506971
0.75,1,0.507807
0.75,1,0.508645
0.75,1,0.509475
0.75,1,0.510302
0.75,1,0.51115
0.75,1,0.511995
0.75,1,0.512831
0.75,1,0.513666
0.75,1,0.514499
0.75,1,0.515418
0.75,1,0.516244
0.75,1,0.51709
0.75,1,0.517954
0.75,1,0.518807
0.75,1,0.519644
0.75,1,0.520478
0.75,1,0.521314
0.75,1,0.522149
0.75,1,0.523013
0.75,1,0.523846
0.75,1,0.524675
0.75,1,0.525506
0.75,1,0.526344
0.75,1,0.527226
0.75,1,0.528046
0.75,1,0.528882
0.75,1,0.529719
0.75,1,0.530663
0.75,1,0.531488
0.75,1,0.532922
0.75,1,0.533769
0.75,1,0.534625
0.75,1,0.535454
0.75,1,0.536295
0.75,1,0.537131
0.75,1,0.537959
0.75,1,0.538819
0.75,1,0.53964
0.75,1,0.540474
0.75,1,0.541307
0.75,1,0.542134
0.75,1,0.543186
0.75,1,0.544009
0.75,1,0.54486
0.75,1,0.545706
0.75,1,0.54656
0.75,1,0.547389
0.75,1,0.548225
0.75,1,0.549062
0.75,1,0.549897
0.75,1,0.550754
0.75,1,0.55159
0.75,1,0.552423
0.75,1,0.553259
0.75,1,0.554096
0.75,1,0.554941
0.75,1,0.555781
0.75,1,0.556623
0.75,1,0.557468
0.75,1,0.558325
0.75,1,0.55919
0.75,1,0.560034
0.75,1,0.560879
0.75,1,0.561711
0.75,1,0.562557
0.75,1,0.563394
0.75,1,0.564228
0.75,1,0.565064
0.75,1,0.565895
0.75,1,0.566738
0.75,1,0.567572
0.75,1,0.568398
0.75,1,0.569231
0.75,1,0.570071
0.75,1,0.570981
0.75,1,0.571831
0.75,1,0.572667
0.75,1,0.573541
0.75,1,0.57437
0.75,1,0.575242
0.75,1,0.576076
0.75,1,0.57691
0.75,1,0.57774
0.75,1,0.578583
0.75,1,0.579434
0.75,1,0.580281
0.75,1,0.581121
0.75,1,0.581955
0.75,1,0.582821
0.75,1,0.583663
0.75,1,0.584502
0.75,1,0.585336
0.75,1,0.586175
0.75,1,0.58703
0.75,1,0.587872
0.75,1,0.58871
0.75,1,0.589542
0.75,1,0.590368
0.75,1,0.591212
0.75,1,0.592042
0.75,1,0.592877
0.75,1,0.593708
0.75,1,0.594535
0.75,1,0.595401
0.75,1,0.596241
0.75,1,0.597072
0.75,1,0.597917
0.75,1,0.598762
0.75,1,0.599606
0.75,1,0.60044
0.75,1,0.601275
0.75,1,0.602111
0.75,1,0.60296
0.75,1,0.603796
0.75,1,0.604625
0.75,1,0.605457
0.75,1,0.606286
0.75,1,0.60715
0.75,1,0.607989
0.75,1,0.60882
0.75,1,0.609652
0.75,1,0.610482
0.75,1,0.611341
0.75,1,0.612181
0.75,1,0.61301
0.75,1,0.613868
0.75,1,0.614717
0.75,1,0.615554
0.75,1,0.616387
0.75,1,0.617218
0.75,1,0.618053
0.75,1,0.618908
0.75,1,0.619737
0.75,1,0.620572
0.75,1,0.621412
0.75,1,0.622247
0.75,1,0.623091
0.75,1,0.623932
0.75,1,0.624758
0.75,1,0.625587
0.75,1,0.626423
0.75,1,0.627289
0.75,1,0.628121
0.75,1,0.628958
0.75,1,0.629802
0.75,1,0.630668
0.75,1,0.631497
0.75,1,0.632335
0.75,1,0.633163
0.75,1,0.633996
0.75,1,0.63484
0.75,1,0.635672
0.75,1,0.636507
0.75,1,0.637345
0.75,1,0.638168
0.75,1,0.639026
0.75,1,0.639858
0.75,1,0.64069
0.75,1,0.641519
0.75,1,0.64235
0.75,1,0.643196
0.75,1,0.644029
0.75,1,0.644861
0.75,1,0.645696
0.75,1,0.646529
0.75,1,0.647389
0.75,1,0.648228
0.75,1,0.649065
0.75,1,0.649898
0.75,1,0.650753
0.75,1,0.6516
0.75,1,0.652451
0.75,1,0.65329
0.75,1,0.654125
0.75,1,0.654985
0.75,1,0.655806
0.75,1,0.656639
0.75,1,0.657465
0.75,1,0.658295
0.75,1,0.659145
0.75,1,0.659981
0.75,1,0.66081
0.75,1,0.661637
0.75,1,0.66247
0.75,1,0.663316
0.75,1,0.66415
0.75,1,0.664978
0.75,1,0.665808
0.75,1,0.666658
0.75,1,0.667491
0.75,1,0.668326
0.75,1,0.669163
0.75,1,0.669996
0.75,1,0.670846
0.75,1,0.671679
0.75,1,0.672511
0.75,1,0.673346
0.75,1,0.674178
0.75,1,0.675016
0.75,1,0.675843
0.75,1,0.676682
0.75,1,0.677518
0.75,1,0.678352
0.75,1,0.679208
0.75,1,0.680038
0.75,1,0.680871
0.75,1,0.6817
0.75,1,0.682529
0.75,1,0.68339
0.75,1,0.684225
0.75,1,0.685056
0.75,1,0.685884
0.75,1,0.686732
0.75,1,0.687566
0.75,1,0.688397
0.75,1,0.689226
0.75,1,0.690065
0.75,1,0.690924
0.75,1,0.691773
0.75,1,0.692609
0.75,1,0.693439
0.75,1,0.69427
0.75,1,0.69512
0.75,1,0.695936
0.75,1,0.696746
0.75,1,0.697564
0.75,1,0.698374
0.75,1,0.69921
0.75,1,0.700045
0.75,1,0.700873
0.75,1,0.701697
0.75,1,0.702523
0.75,1,0.703377
0.75,1,0.704207
0.75,1,0.705032
0.75,1,0.705867
0.75,1,0.706713
0.75,1,0.707544
0.75,1,0.708372
0.75,1,0.709201
0.75,1,0.710027
0.75,1,0.710864
0.75,1,0.711693
0.75,1,0.71252
0.75,1,0.713347
0.75,1,0.714173
0.75,1,0.715026
0.75,1,0.715855
0.75,1,0.716687
0.75,1,0.717515
0.75,1,0.718342
0.75,1,0.719185
0.75,1,0.720012
0.75,1,0.720841
0.75,1,0.721668
0.75,1,0.722497
0.75,1,0.723352
0.75,1,0.72418
0.75,1,0.725009
0.75,1,0.725836
0.75,1,0.726671
0.75,1,0.727527
0.75,1,0.728357
0.75,1,0.729191
0.75,1,0.730023
0.75,1,0.730865
0.75,1,0.731699
0.75,1,0.732528
0.75,1,0.733362
0.75,1,0.734188
0.75,1,0.73504
0.75,1,0.735868
0.75,1,0.736696
0.75,1,0.737528
0.75,1,0.738354
0.75,1,0.739185
0.75,1,0.739997
0.75,1,0.740808
0.75,1,0.741619
0.75,1,0.742439
0.75,1,0.74328
0.75,1,0.74409
0.75,1,0.744903
0.75,1,0.745718
0.75,1,0.746527
0.75,1,0.747378
0.75,1,0.748206
0.75,1,0.749033
0.75,1,0.749857
0.75,1,0.750699
0.75,1,0.751532
0.75,1,0.752359
0.75,1,0.753185
0.75,1,0.754015
0.75,1,0.754865
0.75,1,0.755698
0.75,1,0.756526
0.75,1,0.757347
0.75,1,0.758177
0.75,1,0.759024
0.75,1,0.759857
0.75,1,0.760684
0.75,1,0.761513
0.75,1,0.762337
0.75,1,0.763182
0.75,1,0.76401
0.75,1,0.764834
0.75,1,0.765666
0.75,1,0.766496
0.75,1,0.767338
0.75,1,0.768161
0.75,1,0.768996
0.75,1,0.76982
0.75,1,0.770662
0.75,1,0.771491
0.75,1,0.772324
0.75,1,0.773153
0.75,1,0.773972
0.75,1,0.774829
0.75,1,0.775658
0.75,1,0.776493
0.75,1,0.77733
0.75,1,0.77816
0.75,1,0.779008
0.75,1,0.779834
0.75,1,0.780665
0.75,1,0.781498
0.75,1,0.78233
0.75,1,0.78318
0.75,1,0.784012
0.75,1,0.784842
0.75,1,0.78568
0.75,1,0.78651
0.75,1,0.787361
0.75,1,0.788189
0.75,1,0.789017
0.75,1,0.789845
0.75,1,0.790697
0.75,1,0.791528
0.75,1,0.792398
0.75,1,0.793225
0.75,1,0.794053
0.75,1,0.794905
0.75,1,0.795737
0.75,1,0.796567
0.75,1,0.797399
0.75,1,0.798227
0.75,1,0.799076
0.75,1,0.799906
0.75,1,0.800736
0.75,1,0.801561
0.75,1,0.802391
0.75,1,0.803237
0.75,1,0.804063
0.75,1,0.804889
0.75,1,0.805714
0.75,1,0.806542
0.75,1,0.807393
0.75,1,0.808227
0.75,1,0.809053
0.75,1,0.809881
0.75,1,0.810736
0.75,1,0.811556
0.75,1,0.812378
0.75,1,0.813193
0.75,1,0.814008
0.75,1,0.814836
0.75,1,0.815662
0.75,1,0.81649
0.75,1,0.817318
0.75,1,0.818144
0.75,1,0.818983
0.75,1,0.819811
0.75,1,0.820638
0.75,1,0.821471
0.75,1,0.822302
0.75,1,0.823156
0.75,1,0.823988
0.75,1,0.824815
0.75,1,0.825644
0.75,1,0.826476
0.75,1,0.827335
0.75,1,0.828159
0.75,1,0.82898
0.75,1,0.829809
0.75,1,0.830642
0.75,1,0.831477
0.75,1,0.832291
0.75,1,0.833104
0.75,1,0.833937
0.75,1,0.834793
0.75,1,0.835624
0.75,1,0.836461
0.75,1,0.837285
0.75,1,0.83812
0.75,1,0.838963
0.75,1,0.83979
0.75,1,0.84062
0.75,1,0.841453
0.75,1,0.842281
0.75,1,0.843131
0.75,1,0.843961
0.75,1,0.844795
0.75,1,0.845623
0.75,1,0.846452
0.75,1,0.847304
0.75,1,0.848134
0.75,1,0.84896
0.75,1,0.849797
0.75,1,0.850649
0.75,1,0.851485
0.75,1,0.85231
0.75,1,0.853153
0.75,1,0.854
0.75,1,0.854843
0.75,1,0.855675
0.75,1,0.856513
0.75,1,0.85734
0.75,1,0.858156
0.75,1,0.858994
0.75,1,0.859829
0.75,1,0.860669
0.75,1,0.861499
0.75,1,0.862327
0.75,1,0.86318
0.75,1,0.864007
0.75,1,0.864822
0.75,1,0.865637
0.75,1,0.866452
0.75,1,0.867277
0.75,1,0.868096
0.75,1,0.868913
0.75,1,0.869731
0.75,1,0.870563
0.75,1,0.871412
0.75,1,0.872242
0.75,1,0.873094
0.75,1,0.873945
0.75,1,0.874789
0.75,1,0.875623
0.75,1,0.876457
0.75,1,0.87729
0.75,1,0.878119
0.75,1,0.878982
0.75,1,0.879815
0.75,1,0.880644
0.75,1,0.881474
0.75,1,0.882313
0.75,1,0.883161
0.75,1,0.883976
0.75,1,0.884789
0.75,1,0.885609
0.75,1,0.886453
0.75,1,0.887295
0.75,1,0.888126
0.75,1,0.888955
0.75,1,0.889789
0.75,1,0.890644
0.75,1,0.891478
0.75,1,0.892307
0.75,1,0.893137
0.75,1,0.893968
0.75,1,0.894811
0.75,1,0.895643
0.75,1,0.896476
0.75,1,0.897298
0.75,1,0.898134
0.75,1,0.898979
0.75,1,0.899815
0.75,1,0.900657
0.75,1,0.901492
0.75,1,0.902324
0.75,1,0.903188
0.75,1,0.90403
0.75,1,0.904872
0.75,1,0.940283
0.75,1,0.983434
0.75,1,0.9884
0.75,1,0.990088
0.75,1,1.031234
0.75,1,1.075043
0.75,1,1.108705
0.75,1,1.154882
0.75,1,1.198141
0.75,1,1.228806
0.75,1,1.241426
0.75,1,1.242265
0.75,1,1.243211
0.75,1,1.24404
0.75,1,1.244923
0.75,1,1.245747
0.75,1,1.246579
0.75,1,1.247591
0.75,1,1.24863
0.75,1,1.249469
0.75,1,1.250414
0.75,1,1.251261
0.75,1,1.252127
0.75,1,1.252964
0.75,1,1.253825
0.75,1,1.254842
0.75,1,1.255676
0.75,1,1.256773
0.75,1,1.257992
0.75,1,1.259005
0.75,1,1.259837
0.75,1,1.260832
0.75,1,1.261834
0.75,1,1.262921
0.75,1,1.263921
0.75,1,1.264863
0.75,1,1.265693
0.75,1,1.266959
0.75,1,1.267912
0.75,1,1.268748
0.75,1,1.269574
0.75,1,1.270741
0.75,1,1.271574
0.75,1,1.272507
0.75,1,1.273397
0.75,1,1.274223
0.75,1,1.27507
0.75,1,1.276228
0.75,1,1.277121
0.75,1,1.278056
0.75,1,1.278941
0.75,1,1.279931
0.75,1,1.280926
0.75,1,1.281755
0.75,1,1.282698
0.75,1,1.283697
0.75,1,1.284789
0.75,1,1.285952
0.75,1,1.286789
0.75,1,1.287722
0.75,1,1.288651
0.75,1,1.289644
0.75,1,1.290476
0.75,1,1.291481
0.75,1,1.292424
0.75,1,1.293248
0.75,1,1.294072
0.75,1,1.29491
0.75,1,1.295736
0.75,1,1.29786
0.75,1,1.299774
0.75,1,1.300601
0.75,1,1.301436
0.75,1,1.30235
0.75,1,1.303196
0.75,1,1.304026
0.75,1,1.304846
0.75,1,1.30568
0.75,1,1.306504
0.75,1,1.307581
0.75,1,1.308656
0.75,1,1.309486
0.75,1,1.31645
0.75,1,1.317611
0.75,1,1.319352
0.75,1,1.320551
0.75,1,1.322017
0.75,1,1.32297
0.75,1,1.324066
0.75,1,1.325047
0.75,1,1.326077
0.75,1,1.327183
0.75,1,1.328206
0.75,1,1.32918
0.75,1,1.330206
0.75,1,1.331194
0.75,1,1.332192
0.75,1,1.333225
0.75,1,1.33407
0.75,1,1.335061
0.75,1,1.336047
0.75,1,1.337038
0.75,1,1.338038
0.75,1,1.339026
0.75,1,1.340147
0.75,1,1.341165
0.75,1,1.342161
0.75,1,1.343185
0.75,1,1.344201
0.75,1,1.345184
0.75,1,1.346159
0.75,1,1.34716
0.75,1,1.348148
0.75,1,1.349141
0.75,1,1.350122
0.75,1,1.351122
0.75,1,1.35214
0.75,1,1.353147
0.75,1,1.354223
0.75,1,1.355262
0.75,1,1.356267
0.75,1,1.357249
0.75,1,1.358223
0.75,1,1.359187
0.75,1,1.360083
0.75,1,1.361036
0.75,1,1.36202
0.75,1,1.362995
0.75,1,1.363977
0.75,1,1.364983
0.75,1,1.36597
0.75,1,1.36704
0.75,1,1.368162
0.75,1,1.369222
0.75,1,1.370173
0.75,1,1.371149
0.75,1,1.37221
0.75,1,1.373217
0.75,1,1.37425
0.75,1,1.375304
0.75,1,1.376345
0.75,1,1.377357
0.75,1,1.378394
0.75,1,1.379841
0.75,1,1.380773
0.75,1,1.381803
0.75,1,1.382826
0.75,1,1.383847
0.75,1,1.384803
0.75,1,1.385757
0.75,1,1.386802
0.75,1,1.387987
0.75,1,1.389119
0.75,1,1.390243
0.75,1,1.391336
0.75,1,1.392358
0.75,1,1.393351
0.75,1,1.394356
0.75,1,1.395453
0.75,1,1.396424
0.75,1,1.397415
0.75,1,1.398486
0.75,1,1.399653
0.75,1,1.400702
0.75,1,1.401791
0.75,1,1.402874
0.75,1,1.403883
0.75,1,1.404796
0.75,1,1.405762
0.75,1,1.406964
0.75,1,1.408107
0.75,1,1.409121
0.75,1,1.410126
0.75,1,1.411085
0.75,1,1.41192
0.75,1,1.412793
0.75,1,1.413639
0.75,1,1.414468
0.75,1,1.415318
0.75,1,1.416159
0.75,1,1.417022
0.75,1,1.417894
0.75,1,1.418742
0.75,1,1.419593
0.75,1,1.420438
0.75,1,1.42127
0.75,1,1.422113
0.75,1,1.422985
0.75,1,1.423814
0.75,1,1.424639
0.75,1,1.425475
0.75,1,1.426297
0.75,1,1.427135
0.75,1,1.427982
0.75,1,1.428809
0.75,1,1.429708
0.75,1,1.430557
0.75,1,1.431391
0.75,1,1.432221
0.75,1,1.433041
0.75,1,1.43387
0.75,1,1.463472
0.75,1,1.464435
0.75,1,1.465245
0.75,1,1.466143
0.75,1,1.467433
0.75,1,1.468645
0.75,1,1.469743
0.75,1,1.470967
0.75,1,1.472109
0.75,1,1.473351
0.75,1,1.474516
0.75,1,1.475813
0.75,1,1.476989
0.75,1,1.478206
0.75,1,1.479227
0.75,1,1.480278
0.75,1,1.481494
0.75,1,1.482846
0.75,1,1.48418
0.75,1,1.485424
0.75,1,1.486602
0.75,1,1.488024
0.75,1,1.489212
0.75,1,1.490389
0.75,1,1.491629
0.75,1,1.492787
0.75,1,1.493971
0.75,1,1.495186
0.75,1,1.496348
0.75,1,1.497562
0.75,1,1.498741
0.75,1,1.49985
0.75,1,1.500953
0.75,1,1.502037
0.75,1,1.503195
0.75,1,1.504328
0.75,1,1.505453
0.75,1,1.506609
0.75,1,1.507797
0.75,1,1.509103
0.75,1,1.510259
0.75,1,1.511428
0.75,1,1.512616
0.75,1,1.513747
0.75,1,1.514874
0.75,1,1.516055
0.75,1,1.517224
0.75,1,1.518421
0.75,1,1.519539
0.75,1,1.520668
0.75,1,1.521795
0.75,1,1.523001
0.75,1,1.523978
0.75,1,1.525094
0.75,1,1.526214
0.75,1,1.527207
0.75,1,1.52822
0.75,1,1.529318
0.75,1,1.530393
0.75,1,1.531598
0.75,1,1.532751
0.75,1,1.533886
0.75,1,1.535066
0.75,1,1.536252
0.75,1,1.537414
0.75,1,1.538574
0.75,1,1.539677
0.75,1,1.54085
0.75,1,1.54196
0.75,1,1.543118
0.75,1,1.5441
0.75,1,1.545199
0.75,1,1.546203
0.75,1,1.547343
0.75,1,1.54851
0.75,1,1.549592
0.75,1,1.550744
0.75,1,1.551883
0.75,1,1.553289
0.75,1,1.554419
0.75,1,1.555613
0.75,1,1.556745
0.75,1,1.557773
0.75,1,1.558914
0.75,1,1.560014
0.75,1,1.561146
0.75,1,1.562254
0.75,1,1.563359
0.75,1,1.564502
0.75,1,1.565612
0.75,1,1.566696
0.75,1,1.567744
0.75,1,1.568723
0.75,1,1.569781
0.75,1,1.570879
0.75,1,1.572001
0.75,1,1.573162
0.75,1,1.574298
0.75,1,1.575454
0.75,1,1.576528
0.75,1,1.577558
0.75,1,1.578787
0.75,1,1.57986
0.75,1,1.580961
0.75,1,1.582069
0.75,1,1.583186
0.75,1,1.584307
0.75,1,1.585498
0.75,1,1.586755
0.75,1,1.587848
0.75,1,1.588922
0.75,1,1.589944
0.75,1,1.590975
0.75,1,1.592066
0.75,1,1.59309
0.75,1,1.5941
0.75,1,1.595178
0.75,1,1.596289
0.75,1,1.597431
0.75,1,1.599036
0.75,1,1.600847
0.75,1,1.602151
0.75,1,1.603408
0.75,1,1.60473
0.75,1,1.605876
0.75,1,1.607078
0.75,1,1.608241
0.75,1,1.609391
0.75,1,1.610483
0.75,1,1.611595
0.75,1,1.612729
0.75,1,1.613891
0.75,1,1.615072
0.75,1,1.616259
0.75,1,1.617373
0.75,1,1.61843
0.75,1,1.619585
0.75,1,1.620745
0.75,1,1.621764
0.75,1,1.622931
0.75,1,1.623967
0.75,1,1.625022
0.75,1,1.626132
0.75,1,1.627193
0.75,1,1.628292
0.75,1,1.629463
0.75,1,1.630415
0.75,1,1.631457
0.75,1,1.632584
0.75,1,1.633738
0.75,1,1.634904
0.75,1,1.63622
0.75,1,1.637359
0.75,1,1.638501
0.75,1,1.640149
0.75,1,1.641182
0.75,1,1.642253
0.75,1,1.64341
0.75,1,1.644492
0.75,1,1.64561
0.75,1,1.646772
0.75,1,1.648425
0.75,1,1.649563
0.75,1,1.650737
0.75,1,1.651811
0.75,1,1.652934
0.75,1,1.654061
0.75,1,1.656134
0.75,1,1.658014
0.75,1,1.660277
0.75,1,1.661285
0.75,1,1.662378
0.75,1,1.66398
0.75,1,1.665055
0.75,1,1.666107
0.75,1,1.667367
0.75,1,1.668531
0.75,1,1.669696
0.75,1,1.670797
0.75,1,1.671995
0.75,1,1.673104
0.75,1,1.674246
0.75,1,1.675582
0.75,1,1.676788
0.75,1,1.678056
0.75,1,1.688198
0.75,1,1.689152
0.75,1,1.689961
0.75,1,1.690843
0.75,1,1.692084
0.75,1,1.69309
0.75,1,1.695144
0.75,1,1.696645
0.75,1,1.697841
0.75,1,1.699059
0.75,1,1.703272
0.75,1,1.7044
0.75,1,1.705848
0.75,1,1.70972
0.75,1,1.712491
0.75,1,1.713428
0.75,1,1.714355
0.75,1,1.715837
0.75,1,1.717048
0.75,1,1.71831
0.75,1,1.719448
0.75,1,1.720735
0.75,1,1.722083
0.75,1,1.723224
0.75,1,1.724318
0.75,1,1.725537
0.75,1,1.726684
0.75,1,1.727787
0.75,1,1.729063
0.75,1,1.730219
0.75,1,1.731537
0.75,1,1.73267
0.75,1,1.733739
0.75,1,1.734859
0.75,1,1.736257
0.75,1,1.737744
0.75,1,1.740467
0.75,1,1.741812
0.75,1,1.743764
0.75,1,1.744862
0.75,1,1.745992
0.75,1,1.747135
0.75,1,1.748046
0.75,1,1.749154
0.75,1,1.750143
0.75,1,1.751194
0.75,1,1.751999
0.75,1,1.752793
0.75,1,1.753636
0.75,1,1.754495
0.75,1,1.755344
0.75,1,1.756136
0.75,1,1.757031
0.75,1,1.757831
0.75,1,1.75866
0.75,1,1.759834
0.75,1,1.761
0.75,1,1.762114
0.75,1,1.763521
0.75,1,1.764627
0.75,1,1.765708
0.75,1,1.766739
0.75,1,1.767799
0.75,1,1.770238
0.75,1,1.771147
0.75,1,1.771938
0.75,1,1.772719
0.75,1,1.773504
0.75,1,1.774438
0.75,1,1.775328
0.75,1,1.776329
0.75,1,1.777209
0.75,1,1.778053
0.75,1,1.779115
0.75,1,1.780141
0.75,1,1.781222
0.75,1,1.782332
0.75,1,1.783212
0.75,1,1.784537
0.75,1,1.785468
0.75,1,1.786419
0.75,1,1.787428
0.75,1,1.788434
0.75,1,1.789556
0.75,1,1.790668
0.75,1,1.791591
0.75,1,1.792499
0.75,1,1.793555
0.75,1,1.794496
0.75,1,1.795504
0.75,1,1.796414
0.75,1,1.797351
0.75,1,1.798754
0.75,1,1.799773
0.75,1,1.800684
0.75,1,1.801579
0.75,1,1.802492
0.75,1,1.803437
0.75,1,1.80435
0.75,1,1.805284
0.75,1,1.806457
0.75,1,1.807415
0.75,1,1.808417
0.75,1,1.809305
0.75,1,1.810516
0.75,1,1.811351
0.75,1,1.812327
0.75,1,1.813283
0.75,1,1.814191
0.75,1,1.815163
0.75,1,1.816053
0.75,1,1.817317
0.75,1,1.818738
0.75,1,1.819994
0.75,1,1.821563
0.75,1,1.822922
0.75,1,1.82424
0.75,1,1.825415
0.75,1,1.826646
0.75,1,1.828129
0.75,1,1.82925
0.75,1,1.830265
0.75,1,1.83194
0.75,1,1.832938
0.75,1,1.833936
0.75,1,1.834976
0.75,1,1.836002
0.75,1,1.837003
0.75,1,1.838001
0.75,1,1.839186
0.75,1,1.840191
0.75,1,1.841253
0.75,1,1.842243
0.75,1,1.843272
0.75,1,1.844376
0.75,1,1.845366
0.75,1,1.846188
0.75,1,1.847008
0.75,1,1.847872
0.75,1,1.848823
0.75,1,1.84971
0.75,1,1.85067
0.75,1,1.851629
0.75,1,1.852694
0.75,1,1.853622
0.75,1,1.85478
0.75,1,1.85582
0.75,1,1.85677
0.75,1,1.858145
0.75,1,1.859143
0.75,1,1.860266
0.75,1,1.86124
0.75,1,1.862287
0.75,1,1.863393
0.75,1,1.864448
0.75,1,1.865425
0.75,1,1.866518
0.75,1,1.86759
0.75,1,1.868562
0.75,1,1.86956
0.75,1,1.870511
0.75,1,1.87155
0.75,1,1.872557
0.75,1,1.873547
0.75,1,1.874507
0.75,1,1.875661
0.75,1,1.87663
0.75,1,1.877604
0.75,1,1.878681
0.75,1,1.879751
0.75,1,1.880867
0.75,1,1.882007
0.75,1,1.883184
0.75,1,1.884188
0.75,1,1.885263
0.75,1,1.886359
0.75,1,1.88734
0.75,1,1.888357
0.75,1,1.889382
0.75,1,1.890518
0.75,1,1.89187
0.75,1,1.892875
0.75,1,1.893887
0.75,1,1.894985
0.75,1,1.896057
0.75,1,1.897249
0.75,1,1.898403
0.75,1,1.899452
0.75,1,1.900647
0.75,1,1.901601
0.75,1,1.902714
0.75,1,1.903802
0.75,1,1.904755
0.75,1,1.905758
0.75,1,1.907003
0.75,1,1.908699
0.75,1,1.90988
0.75,1,1.911665
0.75,1,1.913527
0.75,1,1.914722
0.75,1,1.917883
0.75,1,1.920978
0.75,1,1.922258
0.75,1,1.923347
0.75,1,1.924551
0.75,1,1.925766
0.75,1,1.926892
0.75,1,1.927808
0.75,1,1.928847
0.75,1,1.929862
0.75,1,1.930937
0.75,1,1.931965
0.75,1,1.933445
0.75,1,1.934456
0.75,1,1.935657
0.75,1,1.93674
0.75,1,1.937779
0.75,1,1.93883
0.75,1,1.939862
0.75,1,1.940948
0.75,1,1.941926
0.75,1,1.942873
0.75,1,1.943839
0.75,1,1.944949
0.75,1,1.946007
0.75,1,1.947015
0.75,1,1.948016
0.75,1,1.949001
0.75,1,1.950058
0.75,1,1.951217
0.75,1,1.952258
0.75,1,1.953241
0.75,1,1.954777
0.75,1,1.955874
0.75,1,1.956991
0.75,1,1.957967
0.75,1,1.958983
0.75,1,1.959951
0.75,1,1.961006
0.75,1,1.962314
0.75,1,1.963246
0.75,1,1.964134
0.75,1,1.96521
0.75,1,1.966083
0.75,1,1.96701
0.75,1,1.96814
0.75,1,1.969164
0.75,1,1.970184
0.75,1,1.971252
0.75,1,1.972234
0.75,1,1.973197
0.75,1,1.97416
0.75,1,1.975127
0.75,1,1.976085
0.75,1,1.977154
0.75,1,1.978253
0.75,1,1.979253
0.75,1,1.980339
0.75,1,1.981358
0.75,1,1.982711
0.75,1,1.983778
0.75,1,1.985016
0.75,1,1.986096
0.75,1,1.987163
0.75,1,1.988229
0.75,1,1.9894
0.75,1,1.990482
0.75,1,1.991577
0.75,1,1.992684
0.75,1,1.993751
0.75,1,1.994865
0.75,1,1.995966
0.75,1,1.997006
0.75,1,1.998123
0.75,1,1.999247
0.75,1,2.000451
0.75,1,2.001522
0.75,1,2.002518
0.75,1,2.00363
0.75,1,2.004622
0.75,1,2.005593
0.75,1,2.006603
0.75,1,2.007588
0.75,1,2.008629
0.75,1,2.009579
0.75,1,2.010774
0.75,1,2.011882
0.75,1,2.012908
0.75,1,2.013912
0.75,1,2.014967
0.75,1,2.016116
0.75,1,2.017223
0.75,1,2.018147
0.75,1,2.019246
0.75,1,2.02023
0.75,1,2.021235
0.75,1,2.022201
0.75,1,2.023222
0.75,1,2.024224
0.75,1,2.025223
0.75,1,2.026187
0.75,1,2.027177
0.75,1,2.028095
0.75,1,2.029107
0.75,1,2.030056
0.75,1,2.031203
0.75,1,2.032118
0.75,1,2.033052
0.75,1,2.03406
0.75,1,2.035228
0.75,1,2.036299
0.75,1,2.037266
0.75,1,2.038347
0.75,1,2.03935
0.75,1,2.040217
0.75,1,2.041264
0.75,1,2.042309
0.75,1,2.043295
0.75,1,2.044252
0.75,1,2.0452
0.75,1,2.046252
0.75,1,2.047353
0.75,1,2.048337
0.75,1,2.049366
0.75,1,2.050308
0.75,1,2.05139
0.75,1,2.05249
0.75,1,2.053558
0.75,1,2.054717
0.75,1,2.055902
0.75,1,2.057009
0.75,1,2.058003
0.75,1,2.059076
0.75,1,2.060173
0.75,1,2.061262
0.75,1,2.062568
0.75,1,2.06358
0.75,1,2.064651
0.75,1,2.065626
0.75,1,2.066654
0.75,1,2.068059
0.75,1,2.069063
0.75,1,2.070157
0.75,1,2.071202
0.75,1,2.072033
0.75,1,2.072987
0.75,1,2.074051
0.75,1,2.075104
0.75,1,2.076233
0.75,1,2.077285
0.75,1,2.078401
0.75,1,2.079402
0.75,1,2.080464
0.75,1,2.081429
0.75,1,2.082416
0.75,1,2.083511
0.75,1,2.084568
0.75,1,2.085537
0.75,1,2.086495
0.75,1,2.087846
0.75,1,2.089419
0.75,1,2.090394
0.75,1,2.091376
0.75,1,2.092323
0.75,1,2.093308
0.75,1,2.094336
0.75,1,2.095675
0.75,1,2.096802
0.75,1,2.097759
0.75,1,2.098632
0.75,1,2.099465
0.75,1,2.100258
0.75,1,2.101036
0.75,1,2.102141
0.75,1,2.103193
0.75,1,2.104004
0.75,1,2.104837
0.75,1,2.105657
0.75,1,2.106651
0.75,1,2.107627
0.75,1,2.108452
0.75,1,2.109245
0.75,1,2.110059
0.75,1,2.110932
0.75,1,2.11184
0.75,1,2.112807
0.75,1,2.113724
0.75,1,2.11465
0.75,1,2.115634
0.75,1,2.116464
0.75,1,2.117279
0.75,1,2.118227
0.75,1,2.119201
0.75,1,2.120157
0.75,1,2.121102
0.75,1,2.122014
0.75,1,2.122823
0.75,1,2.123623
0.75,1,2.124451
0.75,1,2.125429
0.75,1,2.126311
0.75,1,2.127103
0.75,1,2.127918
0.75,1,2.128775
0.75,1,2.12974
0.75,1,2.130614
0.75,1,2.131448
0.75,1,2.132292
0.75,1,2.136381
0.75,1,2.137346
0.75,1,2.138289
0.75,1,2.145874
0.75,1,2.146696
0.75,1,2.147607
0.75,1,2.148826
0.75,1,2.149736
0.75,1,2.150734
0.75,1,2.151714
0.75,1,2.15261
0.75,1,2.154208
0.75,1,2.155276
0.75,1,2.157397
0.75,1,2.158297
0.75,1,2.160536
0.75,1,2.161584
0.75,1,2.162596
0.75,1,2.163532
0.75,1,2.164355
0.75,1,2.165547
0.75,1,2.167221
0.75,1,2.168553
0.75,1,2.169889
0.75,1,2.171238
0.75,1,2.17264
0.75,1,2.173977
0.75,1,2.175256
0.75,1,2.176459
0.75,1,2.17767
0.75,1,2.178649
0.75,1,2.17959
0.75,1,2.180557
0.75,1,2.181552
0.75,1,2.182653
0.75,1,2.183725
0.75,1,2.184673
0.75,1,2.185668
0.75,1,2.186673
0.75,1,2.18764
0.75,1,2.188711
0.75,1,2.189655
0.75,1,2.190527
0.75,1,2.191594
0.75,1,2.192717
0.75,1,2.1938
0.75,1,2.194719
0.75,1,2.195751
0.75,1,2.197087
0.75,1,2.198127
0.75,1,2.199039
0.75,1,2.199798
0.75,1,2.200626
0.75,1,2.201544
0.75,1,2.202496
0.75,1,2.203479
0.75,1,2.204414
0.75,1,2.205388
0.75,1,2.206274
0.75,1,2.207157
0.75,1,2.208085
0.75,1,2.209059
0.75,1,2.209864
0.75,1,2.210696
0.75,1,2.211484
0.75,1,2.212505
0.75,1,2.213308
0.75,1,2.21413
0.75,1,2.215142
0.75,1,2.21686
0.75,1,2.218035
0.75,1,2.22055
0.75,1,2.221621
0.75,1,2.222619
0.75,1,2.223701
0.75,1,2.224646
0.75,1,2.225499
0.75,1,2.22649
0.75,1,2.227411
0.75,1,2.228375
0.75,1,2.229355
0.75,1,2.230273
0.75,1,2.231358
0.75,1,2.232296
0.75,1,2.233293
0.75,1,2.234266
0.75,1,2.235152
0.75,1,2.235951
0.75,1,2.237115
0.75,1,2.237904
0.75,1,2.238723
0.75,1,2.239533
0.75,1,2.240338
0.75,1,2.241154
0.75,1,2.242059
0.75,1,2.243817
0.75,1,2.244626
0.75,1,2.245451
0.75,1,2.246282
0.75,1,2.247119
0.75,1,2.248149
0.75,1,2.249109
0.75,1,2.250065
0.75,1,2.250999
0.75,1,2.251928
0.75,1,2.252851
0.75,1,2.253784
0.75,1,2.254755
0.75,1,2.255658
0.75,1,2.256578
0.75,1,2.257464
0.75,1,2.258353
0.75,1,2.259281
0.75,1,2.260187
0.75,1,2.261212
0.75,1,2.262145
0.75,1,2.264049
0.75,1,2.265
0.75,1,2.265987
0.75,1,2.267066
0.75,1,2.268033
0.75,1,2.269022
0.75,1,2.270013
0.75,1,2.27572
0.75,1,2.277169
0.75,1,2.278134
0.75,1,2.279129
0.75,1,2.285004
0.75,1,2.28591
0.75,1,2.286819
0.75,1,2.287749
0.75,1,2.288537
0.75,1,2.289323
0.75,1,2.290113
0.75,1,2.290959
0.75,1,2.291897
0.75,1,2.292831
0.75,1,2.293765
0.75,1,2.294702
0.75,1,2.295682
0.75,1,2.297172
0.75,1,2.298591
0.75,1,2.299438
0.75,1,2.300368
0.75,1,2.301238
0.75,1,2.302052
0.75,1,2.302916
0.75,1,2.303817
0.75,1,2.304633
0.75,1,2.305486
0.75,1,2.306483
0.75,1,2.307471
0.75,1,2.308393
0.75,1,2.309293
0.75,1,2.310222
0.75,1,2.311255
0.75,1,2.312201
0.75,1,2.313243
0.75,1,2.314235
0.75,1,2.316546
0.75,1,2.31753
0.75,1,2.318454
0.75,1,2.319468
0.75,1,2.320627
0.75,1,2.321456
0.75,1,2.322311
0.75,1,2.323583
0.75,1,2.324377
0.75,1,2.325215
0.75,1,2.326318
0.75,1,2.327313
0.75,1,2.328143
0.75,1,2.328919
0.75,1,2.329708
0.75,1,2.330698
0.75,1,2.331661
0.75,1,2.332643
0.75,1,2.333699
0.75,1,2.334595
0.75,1,2.335432
0.75,1,2.336258
0.75,1,2.337152
0.75,1,2.338202
0.75,1,2.339207
0.75,1,2.340188
0.75,1,2.341258
0.75,1,2.342437
0.75,1,2.34471
0.75,1,2.345683
0.75,1,2.34663
0.75,1,2.347601
0.75,1,2.348573
0.75,1,2.349717
0.75,1,2.350659
0.75,1,2.351539
0.75,1,2.352348
0.75,1,2.353508
0.75,1,2.354341
0.75,1,2.355349
0.75,1,2.35648
0.75,1,2.35784
0.75,1,2.361029
0.75,1,2.362849
0.75,1,2.364109
0.75,1,2.365435
0.75,1,2.366519
0.75,1,2.367619
0.75,1,2.368786
0.75,1,2.369801
0.75,1,2.370872
0.75,1,2.371941
0.75,1,2.373021
0.75,1,2.37403
0.75,1,2.375049
0.75,1,2.3761
0.75,1,2.377254
0.75,1,2.378265
0.75,1,2.37938
0.75,1,2.380515
0.75,1,2.381595
0.75,1,2.382649
0.75,1,2.383704
0.75,1,2.384809
0.75,1,2.3858
0.75,1,2.386929
